Postcode,Latitude,Longitude
AB1,57.1269,-2.13644
AB2,57.1713,-2.14152
AB3,57.0876,-2.59624
AB4,57.5343,-2.12713
AB5,57.4652,-2.64764
AB9,57.1466,-2.1142
AB10,57.1349,-2.11739
AB11,57.1371,-2.09346
AB12,57.1034,-2.10978
AB13,57.1123,-2.24253
AB14,57.1034,-2.27294
AB15,57.1387,-2.1677
AB16,57.1594,-2.15659
AB21,57.2074,-2.20007
AB22,57.1866,-2.12007
AB23,57.208,-2.08973
AB24,57.1634,-2.10828
AB25,57.1536,-2.11441
AB30,56.8454,-2.47723
AB31,57.0669,-2.5047
AB32,57.1545,-2.31443
AB33,57.2261,-2.73662
AB34,57.0926,-2.80991
AB35,57.039,-3.14386
AB36,57.1963,-3.07248
AB37,57.33,-3.35323
AB38,57.4854,-3.22728
AB39,56.9795,-2.21565
AB41,57.3717,-2.11699
AB42,57.5016,-1.88823
AB43,57.6578,-2.04476
AB44,57.6682,-2.49306
AB45,57.6522,-2.56716
AB51,57.288,-2.40459
AB52,57.3423,-2.60245
AB53,57.5344,-2.4073
AB54,57.4656,-2.75615
AB55,57.5325,-2.97552
AB56,57.6735,-2.91931
AB99,57.1113,-2.09399
AL1,51.7486,-0.319458
AL2,51.7223,-0.331061
AL3,51.7755,-0.36673
AL4,51.7713,-0.296011
AL5,51.8146,-0.351511
AL6,51.8299,-0.199373
AL7,51.7988,-0.189475
AL8,51.8034,-0.210348
AL9,51.7469,-0.201736
AL10,51.7609,-0.231148
B1,52.4796,-1.90783
B2,52.4863,-1.89732
B3,52.4823,-1.90291
B4,52.4838,-1.89376
B5,52.4721,-1.89687
B6,52.5024,-1.88693
B7,52.4938,-1.87438
B8,52.49,-1.84278
B9,52.4781,-1.85282
B10,52.4701,-1.8533
B11,52.4554,-1.85981
B12,52.461,-1.88256
B13,52.4349,-1.88277
B14,52.4188,-1.89029
B15,52.468,-1.92336
B16,52.4754,-1.93222
B17,52.4615,-1.96294
B18,52.4915,-1.92233
B19,52.4963,-1.90612
B20,52.5134,-1.91883
B21,52.5051,-1.9363
B22,52.4117,-1.92883
B23,52.5276,-1.85156
B24,52.5197,-1.82877
B25,52.4612,-1.82649
B26,52.4607,-1.79265
B27,52.4458,-1.82379
B28,52.428,-1.84315
B29,52.4377,-1.94538
B30,52.4211,-1.9281
B31,52.4091,-1.97327
B32,52.4512,-1.99451
B33,52.4808,-1.78802
B34,52.4957,-1.78169
B35,52.5172,-1.7899
B36,52.5045,-1.78008
B37,52.4784,-1.74179
B38,52.4011,-1.93391
B40,52.4587,-1.72499
B42,52.5347,-1.90412
B43,52.5476,-1.92824
B44,52.545,-1.88564
B45,52.3885,-2.00833
B46,52.5071,-1.69773
B47,52.3887,-1.8811
B48,52.3569,-1.95159
B49,52.2174,-1.86767
B50,52.1696,-1.85664
B60,52.3236,-2.05047
B61,52.3443,-2.0678
B62,52.46,-2.03746
B63,52.453,-2.06734
B64,52.4724,-2.06893
B65,52.4828,-2.04343
B66,52.4937,-1.96586
B67,52.4879,-1.97718
B68,52.48,-2.00181
B69,52.5028,-2.02511
B70,52.5198,-2.00263
B71,52.5348,-1.99021
B72,52.5544,-1.82359
B73,52.5592,-1.83762
B74,52.5824,-1.85724
B75,52.5778,-1.81115
B76,52.5448,-1.78961
B77,52.6204,-1.67149
B78,52.6073,-1.67617
B79,52.6481,-1.6816
B80,52.2779,-1.89699
B90,52.4007,-1.82567
B91,52.414,-1.78078
B92,52.4353,-1.77419
B93,52.3832,-1.74209
B94,52.3528,-1.79136
B95,52.2872,-1.78051
B96,52.2548,-1.95945
B97,52.3036,-1.94934
B98,52.3037,-1.91599
B99,52.4959,-1.89425
BA1,51.3888,-2.36019
BA2,51.362,-2.37613
BA3,51.2855,-2.44952
BA4,51.1746,-2.53334
BA5,51.2116,-2.65502
BA6,51.1434,-2.70957
BA7,51.0896,-2.51922
BA8,51.0002,-2.41086
BA9,51.0577,-2.41025
BA10,51.1123,-2.44743
BA11,51.2375,-2.32645
BA12,51.1745,-2.18738
BA13,51.263,-2.18501
BA14,51.319,-2.20331
BA15,51.3483,-2.26212
BA16,51.1266,-2.74333
BA20,50.939,-2.64276
BA21,50.9511,-2.63389
BA22,50.9692,-2.63782
BB0,53.7534,-2.46423
BB1,53.7552,-2.46578
BB2,53.7418,-2.49798
BB3,53.6977,-2.46605
BB4,53.7034,-2.29106
BB5,53.7545,-2.37225
BB6,53.8038,-2.41552
BB7,53.8716,-2.38935
BB8,53.8791,-2.1681
BB9,53.837,-2.21588
BB10,53.7994,-2.22153
BB11,53.7848,-2.25073
BB12,53.802,-2.28901
BB18,53.9151,-2.17262
BB94,53.9155,-2.14015
BD1,53.7973,-1.75432
BD2,53.8142,-1.73589
BD3,53.7979,-1.72995
BD4,53.7768,-1.72162
BD5,53.7794,-1.75832
BD6,53.7649,-1.78473
BD7,53.7842,-1.78105
BD8,53.8014,-1.78065
BD9,53.8116,-1.78833
BD10,53.831,-1.72635
BD11,53.7501,-1.67831
BD12,53.7479,-1.7624
BD13,53.7877,-1.85558
BD14,53.7832,-1.81773
BD15,53.808,-1.8351
BD16,53.8472,-1.83156
BD17,53.845,-1.76898
BD18,53.8298,-1.7762
BD19,53.7266,-1.71435
BD20,53.896,-1.94662
BD21,53.8646,-1.90841
BD22,53.8468,-1.95231
BD23,53.9887,-2.05239
BD24,54.0771,-2.28153
BD97,53.8265,-1.79673
BD98,53.817,-1.76544
BD99,53.7946,-1.75879
BF1,,
BH1,50.7253,-1.86305
BH2,50.7219,-1.88132
BH3,50.7355,-1.88024
BH4,50.7217,-1.90056
BH5,50.7258,-1.83707
BH6,50.7277,-1.80922
BH7,50.7346,-1.83415
BH8,50.7398,-1.85396
BH9,50.7498,-1.87483
BH10,50.7591,-1.89327
BH11,50.7609,-1.92042
BH12,50.738,-1.92473
BH13,50.7105,-1.91834
BH14,50.7223,-1.94566
BH15,50.7208,-1.9849
BH16,50.7384,-2.04438
BH17,50.7458,-1.97347
BH18,50.757,-1.99156
BH19,50.6114,-1.97004
BH20,50.6877,-2.1445
BH21,50.8179,-1.96496
BH22,50.8062,-1.88913
BH23,50.7453,-1.75857
BH24,50.8461,-1.78786
BH25,50.7523,-1.65858
BH31,50.8752,-1.86958
BL0,53.6435,-2.31614
BL1,53.5889,-2.44061
BL2,53.5877,-2.39784
BL3,53.5661,-2.43206
BL4,53.5475,-2.40373
BL5,53.5512,-2.51691
BL6,53.5911,-2.54015
BL7,53.6281,-2.42304
BL8,53.6017,-2.32337
BL9,53.5921,-2.28888
BL11,53.5723,-2.42538
BL78,53.5615,-2.40861
BN1,50.8372,-0.140087
BN2,50.8246,-0.108035
BN3,50.8344,-0.175389
BN4,50.8493,-0.256373
BN5,50.924,-0.268002
BN6,50.9296,-0.152821
BN7,50.8784,0.00307622
BN8,50.9125,0.0500849
BN9,50.7952,0.027181
BN10,50.7957,0.0020343
BN11,50.8137,-0.375472
BN12,50.8142,-0.426885
BN13,50.8304,-0.406686
BN14,50.8308,-0.379925
BN15,50.83,-0.324919
BN16,50.8158,-0.497997
BN17,50.8153,-0.537261
BN18,50.8477,-0.581403
BN20,50.774,0.254872
BN21,50.7721,0.274701
BN22,50.7881,0.28328
BN23,50.7985,0.312706
BN24,50.8154,0.32513
BN25,50.7759,0.107375
BN26,50.8215,0.225312
BN27,50.8708,0.262858
BN41,50.8389,-0.215062
BN42,50.8367,-0.23209
BN43,50.8354,-0.268336
BN44,50.8927,-0.318647
BN45,50.8885,-0.183659
BN50,50.8261,-0.140771
BN51,50.8048,-0.0586659
BN52,50.8339,-0.168058
BN88,50.827,-0.140775
BN91,,
BN95,50.8232,-0.330024
BN99,50.8224,-0.350449
BR1,51.4107,0.0194415
BR2,51.3904,0.0216365
BR3,51.4033,-0.0318345
BR4,51.3756,-0.0099503
BR5,51.3892,0.102485
BR6,51.3677,0.092719
BR7,51.4118,0.0589575
BR8,51.3976,0.174819
BR98,,
BS0,51.3439,-2.95702
BS1,51.4539,-2.59208
BS2,51.459,-2.58103
BS3,51.4386,-2.60351
BS4,51.4364,-2.56443
BS5,51.4622,-2.55287
BS6,51.4701,-2.59818
BS7,51.4866,-2.58153
BS8,51.4575,-2.61939
BS9,51.4884,-2.62523
BS10,51.5057,-2.6117
BS11,51.4988,-2.67842
BS12,51.5555,-2.55897
BS13,51.412,-2.61143
BS14,51.4131,-2.5636
BS15,51.4549,-2.49626
BS16,51.4856,-2.51244
BS17,51.5289,-2.44225
BS18,51.3675,-2.58386
BS19,51.4075,-2.76987
BS20,51.4806,-2.75711
BS21,51.4362,-2.85128
BS22,51.3606,-2.92825
BS23,51.3435,-2.96931
BS24,51.3316,-2.92447
BS25,51.3209,-2.8265
BS26,51.2804,-2.85061
BS27,51.2726,-2.77273
BS28,51.2272,-2.81522
BS29,51.3317,-2.87627
BS30,51.4464,-2.47539
BS31,51.4097,-2.4934
BS32,51.5415,-2.56105
BS34,51.5252,-2.56755
BS35,51.5976,-2.54743
BS36,51.5261,-2.4879
BS37,51.5408,-2.41875
BS38,,
BS39,51.3281,-2.53282
BS40,51.347,-2.69388
BS41,51.4236,-2.65467
BS48,51.4265,-2.74982
BS49,51.3828,-2.81617
BS77,51.4387,-2.60153
BS80,51.5035,-2.61308
BS98,51.4594,-2.58461
BS99,51.4578,-2.57537
BT1,54.5995,-5.92844
BT2,54.5935,-5.93071
BT3,54.6183,-5.9054
BT4,54.6027,-5.86823
BT5,54.5886,-5.87395
BT6,54.5808,-5.89838
BT7,54.5832,-5.92493
BT8,54.545,-5.90793
BT9,54.5723,-5.95009
BT10,54.5598,-5.98669
BT11,54.5762,-5.99816
BT12,54.5924,-5.95627
BT13,54.6058,-5.95843
BT14,54.6211,-5.9624
BT15,54.6219,-5.93168
BT16,54.5908,-5.79794
BT17,54.5532,-6.01985
BT18,54.6404,-5.82379
BT19,54.6507,-5.6578
BT20,54.659,-5.66555
BT21,54.6413,-5.54755
BT22,54.5036,-5.51512
BT23,54.5717,-5.70764
BT24,54.4178,-5.8717
BT25,54.3965,-6.11547
BT26,54.4543,-6.06499
BT27,54.509,-6.0246
BT28,54.522,-6.08412
BT29,54.6208,-6.19753
BT30,54.3336,-5.70298
BT31,54.2764,-5.96832
BT32,54.3362,-6.24739
BT33,54.2234,-5.89073
BT34,54.1533,-6.18186
BT35,54.165,-6.43931
BT36,54.6781,-5.95966
BT37,54.6763,-5.90844
BT38,54.7288,-5.80099
BT39,54.7451,-6.01883
BT40,54.8467,-5.82293
BT41,54.7311,-6.25243
BT42,54.8548,-6.27679
BT43,54.8898,-6.2667
BT44,54.9729,-6.28435
BT45,54.7597,-6.63884
BT46,54.8653,-6.66286
BT47,54.9804,-7.23072
BT48,55.0091,-7.3275
BT49,55.0474,-6.95224
BT51,55.0611,-6.68279
BT52,55.1336,-6.65597
BT53,55.085,-6.47735
BT54,55.2043,-6.25663
BT55,55.1796,-6.70962
BT56,55.1974,-6.65057
BT57,55.2033,-6.51879
BT58,,
BT60,54.2927,-6.64766
BT61,54.3668,-6.62627
BT62,54.4129,-6.46463
BT63,54.4084,-6.39247
BT64,54.4492,-6.38882
BT65,54.4447,-6.36611
BT66,54.4553,-6.33337
BT67,54.4867,-6.26889
BT68,54.3642,-6.84796
BT69,54.4201,-6.9498
BT70,54.5145,-6.88143
BT71,54.5127,-6.70605
BT74,54.3447,-7.66332
BT75,54.3736,-7.31554
BT76,54.4205,-7.19253
BT77,54.4292,-7.12046
BT78,54.5725,-7.37194
BT79,54.6222,-7.20452
BT80,54.6459,-6.74346
BT81,54.6963,-7.6116
BT82,54.8263,-7.43151
BT92,54.2239,-7.46617
BT93,54.4676,-7.82625
BT94,54.3764,-7.53661
BT99,54.6027,-5.92249
CA1,54.8871,-2.91833
CA2,54.8847,-2.95065
CA3,54.9062,-2.93996
CA4,54.8569,-2.8213
CA5,54.8211,-3.21004
CA6,54.9867,-2.86892
CA7,54.8086,-3.23525
CA8,54.9396,-2.68883
CA9,54.8014,-2.41746
CA10,54.6148,-2.6624
CA11,54.6649,-2.78161
CA12,54.6023,-3.13441
CA13,54.6606,-3.36793
CA14,54.6351,-3.53951
CA15,54.7118,-3.48202
CA16,54.574,-2.4853
CA17,54.4794,-2.35051
CA18,54.3546,-3.39042
CA19,54.3872,-3.38677
CA20,54.4099,-3.46344
CA21,54.4453,-3.51653
CA22,54.4803,-3.5323
CA23,54.5138,-3.49508
CA24,54.5147,-3.54326
CA25,54.5221,-3.51966
CA26,54.5442,-3.48588
CA27,54.4909,-3.59291
CA28,54.5435,-3.57972
CA95,54.6448,-3.56641
CA99,54.8908,-2.94382
CB1,52.1847,0.167062
CB2,52.1719,0.129486
CB3,52.2142,0.0341675
CB4,52.2437,0.117651
CB5,52.2338,0.200112
CB6,52.4036,0.224788
CB7,52.3674,0.315181
CB8,52.2333,0.421053
CB9,52.0831,0.439843
CB10,52.0287,0.257353
CB11,52.0017,0.213876
CB21,52.1301,0.279878
CB22,52.1335,0.136006
CB23,52.2167,-0.0223566
CB24,52.276,0.0831837
CB25,52.2573,0.247131
CF1,51.4764,-3.18195
CF2,51.4979,-3.16238
CF3,51.5181,-3.11863
CF4,51.5221,-3.21915
CF5,51.4831,-3.24193
CF6,51.4174,-3.26763
CF7,51.5072,-3.4185
CF8,51.6297,-3.2357
CF10,51.4737,-3.17731
CF11,51.4708,-3.19284
CF14,51.5204,-3.20213
CF15,51.5336,-3.27074
CF21,,
CF23,51.5134,-3.14465
CF24,51.4848,-3.16639
CF30,51.5196,-3.11956
CF31,51.5077,-3.57542
CF32,51.5575,-3.58299
CF33,51.5245,-3.68723
CF34,51.6107,-3.65265
CF35,51.5213,-3.52816
CF36,51.4839,-3.69977
CF37,51.6014,-3.3344
CF38,51.5609,-3.33348
CF39,51.6013,-3.42685
CF40,51.6205,-3.45285
CF41,51.6478,-3.48275
CF42,51.6667,-3.52203
CF43,51.6571,-3.45046
CF44,51.7171,-3.45685
CF45,51.67,-3.36273
CF46,51.6638,-3.30139
CF47,51.7505,-3.37545
CF48,51.7426,-3.37066
CF61,51.4094,-3.48094
CF62,51.4042,-3.30942
CF63,51.4104,-3.26046
CF64,51.4343,-3.1882
CF71,51.4569,-3.465
CF72,51.5299,-3.40096
CF81,51.6997,-3.2438
CF82,51.6491,-3.23707
CF83,51.5855,-3.22064
CF91,51.4656,-3.19392
CF95,51.4812,-3.17104
CF99,51.4645,-3.16135
CH1,53.1995,-2.90019
CH2,53.2157,-2.87079
CH3,53.1677,-2.82546
CH4,53.1693,-2.93809
CH5,53.2049,-3.03852
CH6,53.249,-3.14399
CH7,53.1694,-3.1339
CH8,53.2823,-3.24146
CH25,53.397,-3.01178
CH26,53.3657,-3.06591
CH27,53.4212,-3.04226
CH28,53.4005,-3.11194
CH29,53.3903,-3.17941
CH30,53.379,-3.09844
CH31,53.3297,-3.09886
CH32,53.362,-2.99763
CH33,53.2906,-3.06264
CH34,53.283,-2.90928
CH41,53.3948,-3.03093
CH42,53.3752,-3.0219
CH43,53.3829,-3.06013
CH44,53.4156,-3.03724
CH45,53.4283,-3.05078
CH46,53.4039,-3.11094
CH47,53.3959,-3.1702
CH48,53.3726,-3.17084
CH49,53.3809,-3.1033
CH60,53.327,-3.09643
CH61,53.3474,-3.10174
CH62,53.3358,-2.98218
CH63,53.3458,-3.01145
CH64,53.2884,-3.04912
CH65,53.2784,-2.90261
CH66,53.2781,-2.93621
CH70,53.1927,-2.92254
CH88,53.1779,-2.89582
CH99,53.1872,-2.88946
CM0,51.6589,0.831519
CM1,51.7457,0.466682
CM2,51.7237,0.484916
CM3,51.7162,0.58665
CM4,51.675,0.388625
CM5,51.7182,0.247773
CM6,51.8783,0.375193
CM7,51.886,0.547903
CM8,51.8054,0.638522
CM9,51.739,0.695325
CM11,51.6238,0.442998
CM12,51.6268,0.41491
CM13,51.6151,0.334467
CM14,51.619,0.295755
CM15,51.6412,0.30421
CM16,51.7003,0.118743
CM17,51.7732,0.141015
CM18,51.7567,0.104678
CM19,51.7614,0.0742809
CM20,51.7745,0.100153
CM21,51.8121,0.147849
CM22,51.8654,0.217385
CM23,51.871,0.158813
CM24,51.8979,0.20641
CM77,51.867,0.553291
CM92,51.7694,0.061253
CM98,51.7521,0.518448
CM99,51.7398,0.49321
CO1,51.8781,0.883788
CO2,51.871,0.895272
CO3,51.8854,0.857963
CO4,51.907,0.920476
CO5,51.8142,0.821467
CO6,51.9326,0.793217
CO7,51.8804,1.00331
CO8,51.9734,0.767035
CO9,51.9675,0.611354
CO10,52.0541,0.726749
CO11,51.9423,1.07553
CO12,51.9323,1.25569
CO13,51.8382,1.23762
CO14,51.8502,1.26749
CO15,51.7967,1.15523
CO16,51.8198,1.12631
CR0,51.3733,-0.0786179
CR2,51.3458,-0.0956901
CR3,51.2976,-0.0964723
CR4,51.4026,-0.14516
CR5,51.3135,-0.141312
CR6,51.3026,-0.0577498
CR7,51.3925,-0.103743
CR8,51.3365,-0.11114
CR9,51.3748,-0.0950569
CR44,51.3823,-0.132896
CR90,51.3775,-0.108223
CT1,51.2788,1.08667
CT2,51.2923,1.08184
CT3,51.2773,1.20656
CT4,51.2279,1.06785
CT5,51.3543,1.03461
CT6,51.3641,1.12828
CT7,51.3713,1.30195
CT8,51.3805,1.34035
CT9,51.3838,1.388
CT10,51.3629,1.42906
CT11,51.3365,1.41238
CT12,51.3431,1.36916
CT13,51.2687,1.33064
CT14,51.2175,1.38704
CT15,51.1711,1.28374
CT16,51.1395,1.30145
CT17,51.1287,1.29537
CT18,51.1127,1.15053
CT19,51.0884,1.16829
CT20,51.0796,1.16504
CT21,51.0729,1.07763
CT50,51.0792,1.14402
CV1,52.409,-1.50748
CV2,52.4234,-1.46764
CV3,52.3935,-1.48193
CV4,52.3994,-1.55624
CV5,52.412,-1.54838
CV6,52.4311,-1.50674
CV7,52.4427,-1.55882
CV8,52.3511,-1.54822
CV9,52.5847,-1.55933
CV10,52.5257,-1.4997
CV11,52.5206,-1.45653
CV12,52.4771,-1.47391
CV13,52.6082,-1.41766
CV21,52.371,-1.27092
CV22,52.3577,-1.28281
CV23,52.3508,-1.29589
CV31,52.2801,-1.52701
CV32,52.2957,-1.5318
CV33,52.2378,-1.44651
CV34,52.2839,-1.5837
CV35,52.2319,-1.59508
CV36,52.0708,-1.6299
CV37,52.1865,-1.71524
CV47,52.2364,-1.38726
CW1,53.0997,-2.43059
CW2,53.0811,-2.44578
CW3,53.0037,-2.41044
CW4,53.204,-2.34091
CW5,53.0636,-2.52216
CW6,53.1615,-2.66731
CW7,53.1907,-2.52727
CW8,53.2539,-2.55936
CW9,53.2597,-2.50403
CW10,53.1889,-2.44861
CW11,53.1433,-2.36527
CW12,53.1665,-2.2159
CW98,53.0882,-2.43111
DA1,51.4472,0.209468
DA2,51.4332,0.231875
DA3,51.3859,0.306394
DA4,51.3928,0.230811
DA5,51.441,0.147676
DA6,51.4561,0.139181
DA7,51.465,0.14313
DA8,51.4761,0.179912
DA9,51.4482,0.28056
DA10,51.4424,0.300069
DA11,51.4352,0.351736
DA12,51.4309,0.383758
DA13,51.386,0.354131
DA14,51.4258,0.110476
DA15,51.4398,0.0989456
DA16,51.4645,0.109002
DA17,51.4864,0.150867
DA18,51.4915,0.145763
DD1,56.4618,-2.97737
DD2,56.4712,-3.02801
DD3,56.482,-2.98942
DD4,56.482,-2.93549
DD5,56.4797,-2.86336
DD6,56.4365,-2.9283
DD7,56.5028,-2.71978
DD8,56.6556,-2.92206
DD9,56.7476,-2.66663
DD10,56.7456,-2.43086
DD11,56.5723,-2.59758
DE1,52.9189,-1.47262
DE2,52.9132,-1.44088
DE3,52.9154,-1.50926
DE4,53.1434,-1.58463
DE5,53.0566,-1.42553
DE6,52.9632,-1.66877
DE7,52.9403,-1.3429
DE11,52.7731,-1.55666
DE12,52.7272,-1.55369
DE13,52.8075,-1.68852
DE14,52.8071,-1.63916
DE15,52.7989,-1.61086
DE21,52.9324,-1.43512
DE22,52.9331,-1.49769
DE23,52.8993,-1.49997
DE24,52.8903,-1.45312
DE45,53.2142,-1.67751
DE55,53.0996,-1.37229
DE56,53.0213,-1.47724
DE65,52.8667,-1.62278
DE72,52.8938,-1.36694
DE73,52.8495,-1.43841
DE74,52.8468,-1.339
DE75,53.012,-1.35317
DE99,52.9151,-1.46414
DG1,55.0733,-3.58569
DG2,55.0654,-3.65694
DG3,55.2369,-3.79902
DG4,55.3752,-3.95487
DG5,54.9215,-3.81293
DG6,54.8372,-4.05549
DG7,54.966,-4.00805
DG8,54.8747,-4.51395
DG9,54.8783,-5.02298
DG10,55.3215,-3.43944
DG11,55.1146,-3.34064
DG12,54.9897,-3.25139
DG13,55.1744,-3.03207
DG14,55.0802,-2.9876
DG16,54.9969,-3.06852
DH1,54.7827,-1.56219
DH2,54.86,-1.5985
DH3,54.87,-1.56911
DH4,54.8527,-1.49011
DH5,54.8246,-1.45586
DH6,54.7531,-1.46561
DH7,54.7896,-1.66156
DH8,54.8533,-1.83251
DH9,54.8678,-1.71098
DH97,54.7863,-1.55527
DH98,54.8873,-1.58841
DH99,54.7879,-1.5503
DL1,54.5281,-1.54134
DL2,54.528,-1.59089
DL3,54.5312,-1.56908
DL4,54.6308,-1.64565
DL5,54.6162,-1.57709
DL6,54.3675,-1.39524
DL7,54.337,-1.47876
DL8,54.2946,-1.78419
DL9,54.376,-1.71084
DL10,54.4132,-1.69993
DL11,54.4391,-1.87105
DL12,54.5702,-1.98099
DL13,54.7168,-1.95194
DL14,54.6534,-1.69015
DL15,54.7097,-1.72929
DL16,54.6991,-1.60396
DL17,54.681,-1.54307
DL98,54.5275,-1.5597
DN1,53.5205,-1.11885
DN2,53.5329,-1.10424
DN3,53.5437,-1.06457
DN4,53.506,-1.12221
DN5,53.5368,-1.17117
DN6,53.5947,-1.17717
DN7,53.5801,-1.01737
DN8,53.6145,-0.956519
DN9,53.5055,-0.905715
DN10,53.4264,-0.940793
DN11,53.4496,-1.08352
DN12,53.4832,-1.22367
DN14,53.708,-0.935051
DN15,53.6095,-0.652506
DN16,53.5684,-0.639985
DN17,53.5734,-0.703494
DN18,53.682,-0.445791
DN19,53.6846,-0.365813
DN20,53.5577,-0.503503
DN21,53.4171,-0.710271
DN22,53.3249,-0.9299
DN31,53.5709,-0.0843657
DN32,53.5633,-0.0711222
DN33,53.5406,-0.0985157
DN34,53.5581,-0.112068
DN35,53.5555,-0.0379456
DN36,53.5133,-0.0402736
DN37,53.5503,-0.148819
DN38,53.5606,-0.397247
DN39,53.6168,-0.329669
DN40,53.6216,-0.223835
DN41,53.5848,-0.19523
DN55,53.5129,-1.12572
DT1,50.7126,-2.44441
DT2,50.7484,-2.44913
DT3,50.6403,-2.46717
DT4,50.6099,-2.46318
DT5,50.5493,-2.44277
DT6,50.7386,-2.77457
DT7,50.7293,-2.94576
DT8,50.8149,-2.75794
DT9,50.9425,-2.51659
DT10,50.9373,-2.33186
DT11,50.8614,-2.17961
DY1,52.5151,-2.09426
DY2,52.4976,-2.08261
DY3,52.5298,-2.12885
DY4,52.5319,-2.05443
DY5,52.4811,-2.12278
DY6,52.4989,-2.16436
DY7,52.4646,-2.21828
DY8,52.4599,-2.15372
DY9,52.4375,-2.12417
DY10,52.3865,-2.22914
DY11,52.3855,-2.2602
DY12,52.3865,-2.3235
DY13,52.3372,-2.28087
DY14,52.3809,-2.45599
E1,51.5163,-0.0603696
E1W,51.5123,-0.0592607
E2,51.5302,-0.0622237
E3,51.5282,-0.0256221
E4,51.6241,-0.00297838
E5,51.5593,-0.0546091
E6,51.5252,0.0551587
E7,51.5476,0.0260547
E8,51.5411,-0.0648783
E9,51.5416,-0.046836
E10,51.5687,-0.0128918
E11,51.5673,0.0116027
E12,51.5511,0.0506792
E13,51.5283,0.0258636
E14,51.5077,-0.0205453
E15,51.5383,0.000275101
E16,51.5114,0.0210886
E17,51.5864,-0.020184
E18,51.5926,0.0255846
E20,51.5464,-0.0107119
E22,,
E77,51.5139,-0.069129
E98,51.5086,-0.0641003
EC1A,51.5203,-0.104444
EC1M,51.5214,-0.103589
EC1N,51.52,-0.109139
EC1P,51.5246,-0.112035
EC1R,51.5245,-0.108972
EC1V,51.5265,-0.0993123
EC1Y,51.5231,-0.0934057
EC2A,51.5231,-0.0879623
EC2M,51.5184,-0.0867919
EC2N,51.516,-0.0874616
EC2P,51.5241,-0.110648
EC2R,51.5163,-0.0918673
EC2V,51.5158,-0.0949201
EC2Y,51.52,-0.0963194
EC3A,51.515,-0.082011
EC3B,51.514,-0.081823
EC3M,51.5122,-0.0837303
EC3N,51.5127,-0.0797829
EC3P,51.5226,-0.107408
EC3R,51.5112,-0.0846499
EC3V,51.5133,-0.0869124
EC4A,51.5159,-0.108663
EC4M,51.5149,-0.100627
EC4N,51.5134,-0.0931048
EC4P,51.5233,-0.110744
EC4R,51.5114,-0.0917412
EC4V,51.5126,-0.100247
EC4Y,51.5137,-0.108858
EC50,51.5245,-0.112088
EC88,51.5245,-0.0791226
EH1,55.9523,-3.19208
EH2,55.9532,-3.20047
EH3,55.9522,-3.20516
EH4,55.9623,-3.25582
EH5,55.9746,-3.21943
EH6,55.9712,-3.17378
EH7,55.9599,-3.16401
EH8,55.9499,-3.16633
EH9,55.9333,-3.18711
EH10,55.9216,-3.21081
EH11,55.9334,-3.25136
EH12,55.9412,-3.27474
EH13,55.9086,-3.24252
EH14,55.9117,-3.28067
EH15,55.9472,-3.11305
EH16,55.9238,-3.15099
EH17,55.906,-3.14329
EH18,55.8766,-3.12172
EH19,55.8726,-3.10472
EH20,55.8787,-3.15359
EH21,55.9389,-3.04644
EH22,55.8859,-3.06199
EH23,55.841,-3.05176
EH24,55.851,-3.13542
EH25,55.8595,-3.17778
EH26,55.8335,-3.22388
EH27,55.8902,-3.42378
EH28,55.9283,-3.40538
EH29,55.9568,-3.39567
EH30,55.9827,-3.3801
EH31,56.0377,-2.82051
EH32,55.9663,-2.95194
EH33,55.9417,-2.94465
EH34,55.9105,-2.88559
EH35,55.9111,-2.94457
EH36,55.8554,-2.85429
EH37,55.8634,-2.96623
EH38,55.7852,-2.96187
EH39,56.0481,-2.73265
EH40,55.9902,-2.65136
EH41,55.9495,-2.77831
EH42,55.9938,-2.5245
EH43,55.6239,-3.01163
EH44,55.621,-3.07046
EH45,55.654,-3.19026
EH46,55.7343,-3.34322
EH47,55.8606,-3.66477
EH48,55.8983,-3.66084
EH49,55.9769,-3.60289
EH51,56.0116,-3.60531
EH52,55.9363,-3.48943
EH53,55.8948,-3.4732
EH54,55.8918,-3.52483
EH55,55.8487,-3.57344
EH77,,
EH91,55.9272,-3.2907
EH95,55.9786,-3.25352
EH99,55.9519,-3.19475
EN1,51.6533,-0.0706311
EN2,51.6585,-0.091758
EN3,51.658,-0.0415899
EN4,51.6483,-0.162151
EN5,51.6482,-0.190224
EN6,51.699,-0.179877
EN7,51.7085,-0.0650253
EN8,51.696,-0.0331162
EN9,51.6947,0.010568
EN10,51.7409,-0.0212033
EN11,51.7637,-0.00943268
EN77,,
EX1,50.7271,-3.50869
EX2,50.7111,-3.51516
EX3,50.6952,-3.46023
EX4,50.7303,-3.52628
EX5,50.7549,-3.43584
EX6,50.6759,-3.59232
EX7,50.5861,-3.47121
EX8,50.6284,-3.40302
EX9,50.639,-3.32361
EX10,50.6919,-3.24573
EX11,50.7472,-3.28863
EX12,50.7067,-3.08104
EX13,50.7739,-3.02515
EX14,50.8108,-3.20018
EX15,50.8755,-3.34631
EX16,50.9205,-3.49104
EX17,50.8101,-3.70133
EX18,50.9016,-3.88653
EX19,50.8758,-3.99915
EX20,50.751,-4.01601
EX21,50.8034,-4.20874
EX22,50.8265,-4.36682
EX23,50.8249,-4.53396
EX24,50.7375,-3.08714
EX31,51.0853,-4.06788
EX32,51.0733,-4.02749
EX33,51.1127,-4.16646
EX34,51.1992,-4.10841
EX35,51.2247,-3.82948
EX36,51.017,-3.80071
EX37,50.9793,-3.95553
EX38,50.9451,-4.15135
EX39,51.016,-4.24235
FK1,55.9889,-3.79285
FK2,56.0053,-3.75817
FK3,56.012,-3.72041
FK4,55.9976,-3.90749
FK5,56.0256,-3.82065
FK6,56.0217,-3.9144
FK7,56.0997,-3.91822
FK8,56.129,-4.03386
FK9,56.1416,-3.94122
FK10,56.115,-3.78341
FK11,56.1499,-3.85116
FK12,56.1521,-3.80153
FK13,56.1502,-3.74249
FK14,56.163,-3.66604
FK15,56.1999,-3.95234
FK16,56.1911,-4.05909
FK17,56.2405,-4.21939
FK18,56.3161,-4.31649
FK19,56.3733,-4.31128
FK20,56.4074,-4.61057
FK21,56.4663,-4.32062
FY0,53.7546,-3.00814
FY1,53.8162,-3.04836
FY2,53.8444,-3.04024
FY3,53.8211,-3.02265
FY4,53.792,-3.03018
FY5,53.8735,-3.02417
FY6,53.865,-2.98038
FY7,53.9166,-3.02544
FY8,53.7505,-3.00692
G1,55.8605,-4.24908
G2,55.8635,-4.2559
G3,55.8664,-4.27021
G4,55.8681,-4.25136
G5,55.8477,-4.25387
G9,55.8687,-4.24226
G11,55.8736,-4.31332
G12,55.8797,-4.30204
G13,55.8927,-4.3473
G14,55.8801,-4.35056
G15,55.9104,-4.36696
G20,55.8856,-4.28205
G21,55.8805,-4.22285
G22,55.8896,-4.2526
G23,55.9025,-4.28521
G31,55.8561,-4.20923
G32,55.8487,-4.16633
G33,55.8733,-4.1651
G34,55.8679,-4.11269
G40,55.8473,-4.22075
G41,55.8387,-4.2816
G42,55.8342,-4.25873
G43,55.8186,-4.29261
G44,55.8141,-4.25781
G45,55.8046,-4.23307
G46,55.8044,-4.30695
G51,55.8574,-4.31313
G52,55.8497,-4.35336
G53,55.8208,-4.35227
G58,55.8582,-4.2595
G59,,
G60,55.9179,-4.44253
G61,55.9192,-4.33015
G62,55.9426,-4.32068
G63,56.0428,-4.37091
G64,55.911,-4.21797
G65,55.9721,-4.09972
G66,55.9403,-4.15441
G67,55.9479,-3.98569
G68,55.9532,-4.01084
G69,55.8745,-4.10256
G70,55.9501,-3.98759
G71,55.822,-4.07593
G72,55.8047,-4.13068
G73,55.8219,-4.20636
G74,55.7678,-4.17807
G75,55.7509,-4.19633
G76,55.7783,-4.27337
G77,55.7737,-4.33181
G78,55.7936,-4.40863
G79,55.771,-4.22308
G80,55.8686,-4.2419
G81,55.912,-4.40714
G82,55.9509,-4.57335
G83,56.0115,-4.5872
G84,56.0138,-4.7544
G90,55.8691,-4.24071
GIR,,
GL1,51.8567,-2.24577
GL2,51.8417,-2.26937
GL3,51.86,-2.18026
GL4,51.8428,-2.21889
GL5,51.7393,-2.22121
GL6,51.7386,-2.19941
GL7,51.7111,-1.90648
GL8,51.6416,-2.169
GL9,51.5611,-2.29355
GL10,51.7448,-2.28353
GL11,51.6927,-2.35754
GL12,51.6275,-2.38566
GL13,51.693,-2.45374
GL14,51.8188,-2.48444
GL15,51.7347,-2.54934
GL16,51.7952,-2.61332
GL17,51.8549,-2.50803
GL18,51.9399,-2.41357
GL19,51.9384,-2.28432
GL20,52.0027,-2.13085
GL50,51.9015,-2.08149
GL51,51.8967,-2.10829
GL52,51.9225,-2.06078
GL53,51.882,-2.06922
GL54,51.8985,-1.86455
GL55,52.062,-1.77128
GL56,51.9903,-1.704
GU1,51.2431,-0.570138
GU2,51.2448,-0.593011
GU3,51.2472,-0.621237
GU4,51.243,-0.546742
GU5,51.2063,-0.522145
GU6,51.1408,-0.485042
GU7,51.1889,-0.610708
GU8,51.152,-0.639675
GU9,51.2179,-0.795964
GU10,51.1988,-0.796631
GU11,51.2499,-0.762491
GU12,51.2516,-0.732754
GU13,51.2751,-0.838673
GU14,51.2909,-0.761432
GU15,51.3355,-0.750789
GU16,51.3134,-0.730797
GU17,51.3363,-0.806236
GU18,51.3475,-0.663173
GU19,51.3591,-0.689663
GU20,51.3632,-0.648121
GU21,51.3199,-0.577133
GU22,51.3135,-0.553261
GU23,51.2975,-0.51137
GU24,51.3301,-0.625441
GU25,51.4013,-0.569507
GU26,51.1102,-0.74618
GU27,51.0836,-0.722385
GU28,50.991,-0.62823
GU29,50.9845,-0.746484
GU30,51.0758,-0.803904
GU31,50.9978,-0.908422
GU32,51.0078,-0.960959
GU33,51.0477,-0.893736
GU34,51.1406,-0.984796
GU35,51.1167,-0.851836
GU46,51.3385,-0.824117
GU47,51.3475,-0.793341
GU51,51.2851,-0.839768
GU52,51.2658,-0.838285
GU95,51.3263,-0.763075
GY1,49.4669,-2.54798
GY2,49.4849,-2.54095
GY3,49.4928,-2.52725
GY4,49.4336,-2.55937
GY5,49.4633,-2.59664
GY6,49.4512,-2.5696
GY7,49.4472,-2.63552
GY8,49.4249,-2.60752
GY9,49.7147,-2.20572
GY10,49.4342,-2.35382
HA0,51.5501,-0.304693
HA1,51.5815,-0.336176
HA2,51.5759,-0.354522
HA3,51.5914,-0.323107
HA4,51.5708,-0.410397
HA5,51.5946,-0.385879
HA6,51.61,-0.420512
HA7,51.6096,-0.306843
HA8,51.6116,-0.275264
HA9,51.5586,-0.289978
HD1,53.6469,-1.78634
HD2,53.667,-1.7768
HD3,53.6529,-1.83057
HD4,53.6272,-1.79747
HD5,53.6475,-1.74879
HD6,53.7016,-1.78283
HD7,53.5991,-1.82965
HD8,53.6004,-1.67494
HD9,53.5792,-1.79581
HG1,53.9998,-1.53249
HG2,53.9877,-1.52809
HG3,54.0303,-1.61418
HG4,54.1539,-1.55908
HG5,54.0132,-1.45912
HP1,51.7552,-0.478783
HP2,51.7621,-0.454381
HP3,51.7372,-0.471795
HP4,51.7666,-0.56783
HP5,51.7131,-0.608601
HP6,51.6774,-0.601661
HP7,51.6663,-0.610476
HP8,51.6446,-0.576019
HP9,51.6103,-0.641855
HP10,51.6108,-0.710588
HP11,51.6254,-0.746593
HP12,51.6247,-0.777886
HP13,51.633,-0.741466
HP14,51.6488,-0.825653
HP15,51.6534,-0.71743
HP16,51.7025,-0.717832
HP17,51.7498,-0.852872
HP18,51.8167,-0.96032
HP19,51.8238,-0.826378
HP20,51.8196,-0.807472
HP21,51.8068,-0.806169
HP22,51.8012,-0.769269
HP23,51.795,-0.662545
HP27,51.7218,-0.831404
HR1,52.0544,-2.6936
HR2,52.0132,-2.77829
HR3,52.0921,-3.06832
HR4,52.0848,-2.76105
HR5,52.1959,-3.02944
HR6,52.2318,-2.76863
HR7,52.1846,-2.52493
HR8,52.0439,-2.44183
HR9,51.9083,-2.58153
HS1,58.212,-6.38135
HS2,58.2495,-6.45863
HS3,57.8829,-6.84845
HS4,57.8685,-6.6899
HS5,57.7969,-6.96605
HS6,57.6027,-7.29905
HS7,57.4514,-7.34527
HS8,57.2319,-7.34661
HS9,56.9673,-7.47958
HU1,53.743,-0.336993
HU2,53.7497,-0.337062
HU3,53.7413,-0.365462
HU4,53.7363,-0.399618
HU5,53.7595,-0.374538
HU6,53.7809,-0.368834
HU7,53.7889,-0.330777
HU8,53.7678,-0.304929
HU9,53.7534,-0.296618
HU10,53.7478,-0.440545
HU11,53.8306,-0.237023
HU12,53.7244,-0.135693
HU13,53.7247,-0.437776
HU14,53.7275,-0.487891
HU15,53.7474,-0.619499
HU16,53.7814,-0.422177
HU17,53.8459,-0.424771
HU18,53.9086,-0.170253
HU19,53.7234,0.0340788
HU20,53.7874,-0.501946
HU55,,
HX1,53.7218,-1.8677
HX2,53.7384,-1.9042
HX3,53.7264,-1.8458
HX4,53.6806,-1.8798
HX5,53.6864,-1.83615
HX6,53.6985,-1.92339
HX7,53.7393,-2.00905
IG1,51.5592,0.0727343
IG2,51.5733,0.0794319
IG3,51.5625,0.0977782
IG4,51.5772,0.0549481
IG5,51.5859,0.0646659
IG6,51.5919,0.0870758
IG7,51.6138,0.0877133
IG8,51.612,0.0374204
IG9,51.624,0.0389529
IG10,51.6483,0.0656096
IG11,51.5348,0.0918733
IM1,54.1548,-4.48399
IM2,54.1721,-4.47897
IM3,54.2035,-4.4789
IM4,54.2056,-4.42316
IM5,54.2173,-4.69203
IM6,54.2708,-4.58148
IM7,54.3164,-4.5328
IM8,54.334,-4.38964
IM9,54.1133,-4.69514
IP1,52.0628,1.14222
IP2,52.0462,1.1345
IP3,52.0421,1.18505
IP4,52.0596,1.17574
IP5,52.0615,1.23886
IP6,52.1287,1.11115
IP7,52.0659,0.950185
IP8,52.0629,1.08288
IP9,51.9932,1.14642
IP10,52.0074,1.28299
IP11,51.967,1.33435
IP12,52.0938,1.36394
IP13,52.1856,1.32115
IP14,52.2043,1.0276
IP15,52.1591,1.59454
IP16,52.2044,1.58325
IP17,52.23,1.5015
IP18,52.3306,1.66875
IP19,52.3408,1.49481
IP20,52.4058,1.31828
IP21,52.3656,1.22956
IP22,52.3778,1.0719
IP23,52.3139,1.12015
IP24,52.4194,0.756745
IP25,52.5796,0.8353
IP26,52.5059,0.576834
IP27,52.43,0.583704
IP28,52.3281,0.536153
IP29,52.1955,0.662853
IP30,52.2119,0.838359
IP31,52.2882,0.825884
IP32,52.2539,0.718588
IP33,52.2433,0.713699
IP98,52.3766,1.11066
IV1,57.4789,-4.19995
IV2,57.4686,-4.18951
IV3,57.4633,-4.27177
IV4,57.4511,-4.52423
IV5,57.4688,-4.41061
IV6,57.5213,-4.46065
IV7,57.5841,-4.3922
IV8,57.5548,-4.26511
IV9,57.5695,-4.17737
IV10,57.5849,-4.12636
IV11,57.6777,-4.03842
IV12,57.5749,-3.86549
IV13,57.3455,-4.02625
IV14,57.5854,-4.54777
IV15,57.5986,-4.43117
IV16,57.6603,-4.34375
IV17,57.6986,-4.25568
IV18,57.7008,-4.15636
IV19,57.8046,-4.06045
IV20,57.7899,-3.90968
IV21,57.7244,-5.71825
IV22,57.7367,-5.50392
IV23,57.7734,-5.03424
IV24,57.891,-4.35645
IV25,57.8885,-4.04051
IV26,57.9198,-5.18505
IV27,58.2709,-4.7955
IV28,58.0077,-4.15773
IV30,57.6536,-3.3276
IV31,57.7169,-3.29074
IV32,57.6309,-3.11385
IV33,57.5312,-3.21093
IV34,57.4679,-3.28995
IV35,57.4687,-3.35631
IV36,57.6101,-3.60744
IV40,57.2833,-5.66454
IV41,57.2743,-5.7336
IV42,57.2354,-5.83873
IV43,57.1496,-5.84605
IV44,57.1027,-5.88101
IV45,57.0725,-5.9041
IV46,57.1091,-5.9782
IV47,57.2961,-6.34571
IV48,57.2935,-6.09745
IV49,57.2294,-5.94214
IV51,57.484,-6.24888
IV52,57.3364,-5.65234
IV53,57.3442,-5.55498
IV54,57.4289,-5.61024
IV55,57.457,-6.61007
IV56,57.3703,-6.44026
IV63,57.3184,-4.50899
IV99,57.4813,-4.22395
JE2,49.1995,-2.08378
JE3,49.2375,-2.22265
KA1,55.5971,-4.49703
KA2,55.5966,-4.56156
KA3,55.643,-4.49691
KA4,55.5996,-4.38482
KA5,55.5092,-4.38436
KA6,55.4176,-4.50879
KA7,55.4504,-4.63093
KA8,55.4715,-4.61378
KA9,55.4985,-4.60589
KA10,55.5496,-4.64989
KA11,55.6178,-4.62971
KA12,55.6179,-4.66599
KA13,55.6553,-4.70029
KA14,55.7405,-4.67135
KA15,55.7484,-4.6269
KA16,55.6072,-4.33404
KA17,55.6102,-4.29397
KA18,55.4509,-4.24217
KA19,55.3465,-4.67002
KA20,55.6407,-4.75343
KA21,55.6413,-4.78471
KA22,55.6487,-4.80765
KA23,55.6891,-4.85306
KA24,55.7096,-4.7163
KA25,55.7522,-4.68923
KA26,55.2202,-4.83617
KA27,55.5407,-5.1694
KA28,55.7545,-4.92463
KA29,55.7566,-4.8543
KA30,55.7967,-4.8638
KT1,51.4071,-0.297615
KT2,51.4162,-0.290936
KT3,51.3997,-0.256909
KT4,51.3787,-0.243186
KT5,51.3928,-0.287919
KT6,51.3897,-0.300625
KT7,51.3902,-0.32897
KT8,51.4016,-0.366912
KT9,51.3648,-0.303188
KT10,51.3714,-0.357296
KT11,51.3283,-0.404773
KT12,51.3774,-0.408799
KT13,51.3692,-0.45153
KT14,51.3402,-0.48635
KT15,51.3651,-0.494472
KT16,51.3841,-0.514275
KT17,51.3397,-0.253243
KT18,51.319,-0.263666
KT19,51.3502,-0.269417
KT20,51.2872,-0.231892
KT21,51.3109,-0.302938
KT22,51.3006,-0.337557
KT23,51.2819,-0.370941
KT24,51.2692,-0.430366
KW1,58.456,-3.11842
KW2,58.3482,-3.16371
KW3,58.3061,-3.28233
KW5,58.2841,-3.38687
KW6,58.2504,-3.44419
KW7,58.1868,-3.5018
KW8,58.1149,-3.66691
KW9,58.0135,-3.85925
KW10,57.9744,-3.97801
KW11,58.3079,-4.13591
KW12,58.5071,-3.49276
KW13,58.4784,-3.89505
KW14,58.5887,-3.55496
KW15,58.9804,-2.95996
KW16,58.9591,-3.27613
KW17,59.0306,-3.00543
KY1,56.127,-3.14069
KY2,56.1223,-3.18292
KY3,56.063,-3.23234
KY4,56.1138,-3.36169
KY5,56.1445,-3.29533
KY6,56.1966,-3.19664
KY7,56.2103,-3.15511
KY8,56.1972,-3.01234
KY9,56.2089,-2.83716
KY10,56.2299,-2.70082
KY11,56.0495,-3.41201
KY12,56.0759,-3.48802
KY13,56.2082,-3.43153
KY14,56.311,-3.23253
KY15,56.3009,-3.0511
KY16,56.3415,-2.81966
KY99,56.0547,-3.43743
L1,53.4024,-2.98035
L2,53.4068,-2.99014
L3,53.4087,-2.98552
L4,53.4378,-2.96201
L5,53.4248,-2.97766
L6,53.4186,-2.95323
L7,53.4055,-2.95028
L8,53.3902,-2.96415
L9,53.4613,-2.95226
L10,53.4736,-2.92834
L11,53.4473,-2.91461
L12,53.4344,-2.89691
L13,53.4151,-2.92167
L14,53.4193,-2.88156
L15,53.3973,-2.92268
L16,53.3981,-2.89274
L17,53.3786,-2.9423
L18,53.3805,-2.90949
L19,53.3582,-2.90315
L20,53.4523,-2.98997
L21,53.4707,-3.00024
L22,53.4767,-3.02746
L23,53.4891,-3.02425
L24,53.3444,-2.84316
L25,53.3789,-2.86397
L26,53.3655,-2.83584
L27,53.388,-2.84034
L28,53.4352,-2.86652
L29,53.5052,-2.98801
L30,53.4819,-2.9718
L31,53.5133,-2.93851
L32,53.4786,-2.88938
L33,53.4886,-2.87605
L34,53.4349,-2.81508
L35,53.4164,-2.78534
L36,53.4143,-2.84158
L37,53.5568,-3.0635
L38,53.5284,-3.05248
L39,53.563,-2.89353
L40,53.5984,-2.84733
L41,53.3943,-3.03082
L42,53.3745,-3.02267
L43,53.385,-3.0594
L44,53.4149,-3.03642
L45,53.4289,-3.05112
L46,53.4043,-3.11065
L47,53.3965,-3.1687
L48,53.3702,-3.16987
L49,53.3811,-3.10403
L60,53.3268,-3.09679
L61,53.3485,-3.10172
L62,53.335,-2.98243
L63,53.344,-3.01293
L64,53.2879,-3.0487
L65,53.2775,-2.90145
L66,53.2763,-2.93585
L67,53.4057,-2.96781
L68,53.4532,-2.96644
L69,53.4011,-2.97534
L70,53.4094,-2.97318
L71,53.4222,-2.97479
L72,53.4786,-2.98369
L73,53.3803,-2.97643
L74,53.3931,-2.98828
L75,53.4422,-2.98456
L80,53.4692,-2.96908
LA1,54.047,-2.80026
LA2,54.0661,-2.67404
LA3,54.0519,-2.87803
LA4,54.0704,-2.85471
LA5,54.1429,-2.78968
LA6,54.1748,-2.6167
LA7,54.2259,-2.77313
LA8,54.3233,-2.76015
LA9,54.3262,-2.74401
LA10,54.3149,-2.49755
LA11,54.1994,-2.92396
LA12,54.2024,-3.08408
LA13,54.1183,-3.19925
LA14,54.1179,-3.2306
LA15,54.1558,-3.17964
LA16,54.1847,-3.20272
LA17,54.2402,-3.17505
LA18,54.2151,-3.2754
LA19,54.2892,-3.37165
LA20,54.2926,-3.20689
LA21,54.3646,-3.07161
LA22,54.4207,-2.98492
LA23,54.3726,-2.91265
LD1,52.2577,-3.36782
LD2,52.1437,-3.39485
LD3,51.958,-3.37453
LD4,52.1172,-3.55838
LD5,52.1272,-3.615
LD6,52.3089,-3.50936
LD7,52.3495,-3.08807
LD8,52.2668,-3.05024
LE1,52.6334,-1.13243
LE2,52.6112,-1.11798
LE3,52.6267,-1.18144
LE4,52.6627,-1.12265
LE5,52.6364,-1.09523
LE6,52.7134,-1.36361
LE7,52.6851,-1.07051
LE8,52.5641,-1.10655
LE9,52.5724,-1.27138
LE10,52.5375,-1.37062
LE11,52.7703,-1.22168
LE12,52.7685,-1.19222
LE13,52.7666,-0.883903
LE14,52.783,-0.896647
LE15,52.6594,-0.706462
LE16,52.4853,-0.899291
LE17,52.4671,-1.18136
LE18,52.5833,-1.11134
LE19,52.5871,-1.21305
LE21,52.631,-1.12966
LE41,52.6372,-1.15156
LE55,52.7314,-1.40737
LE65,52.7486,-1.46995
LE67,52.716,-1.36284
LE87,52.6314,-1.13201
LE94,52.4837,-0.905523
LE95,52.6062,-1.19056
LE99,,
LL11,53.059,-3.0268
LL12,53.0861,-2.99031
LL13,53.0363,-2.96341
LL14,52.9924,-3.05253
LL15,53.1053,-3.31516
LL16,53.1852,-3.43068
LL17,53.2553,-3.43865
LL18,53.3118,-3.47765
LL19,53.3314,-3.41083
LL20,52.961,-3.16225
LL21,52.9887,-3.40819
LL22,53.2718,-3.59145
LL23,52.9059,-3.60224
LL24,53.0605,-3.78661
LL25,53.0545,-3.87914
LL26,53.1392,-3.78745
LL27,53.1482,-3.82717
LL28,53.2889,-3.75913
LL29,53.2908,-3.71283
LL30,53.3173,-3.81805
LL31,53.2912,-3.81085
LL32,53.2616,-3.84
LL33,53.2499,-3.98368
LL34,53.2714,-3.91331
LL35,52.5473,-4.0408
LL36,52.603,-4.06596
LL37,52.6711,-4.07056
LL38,52.699,-4.03761
LL39,52.7129,-4.0009
LL40,52.7552,-3.87672
LL41,52.9699,-3.9387
LL42,52.7262,-4.05391
LL43,52.7746,-4.09241
LL44,52.7874,-4.09533
LL45,52.8201,-4.09708
LL46,52.8563,-4.10778
LL47,52.9021,-4.06245
LL48,52.9355,-4.07113
LL49,52.929,-4.13834
LL51,52.9728,-4.23646
LL52,52.9248,-4.23742
LL53,52.8845,-4.48771
LL54,53.0605,-4.28602
LL55,53.1343,-4.21157
LL56,53.1877,-4.20004
LL57,53.2099,-4.11659
LL58,53.2791,-4.10082
LL59,53.2343,-4.15917
LL60,53.216,-4.26809
LL61,53.1969,-4.25958
LL62,53.2112,-4.38604
LL63,53.2195,-4.47074
LL64,53.2291,-4.51482
LL65,53.3011,-4.57536
LL66,53.3808,-4.40577
LL67,53.4112,-4.45637
LL68,53.3985,-4.3751
LL69,53.3863,-4.31969
LL70,53.3638,-4.28796
LL71,53.3272,-4.36882
LL72,53.3441,-4.24573
LL73,53.3353,-4.24497
LL74,53.315,-4.23415
LL75,53.2835,-4.2211
LL76,53.3009,-4.23932
LL77,53.2592,-4.31217
LL78,53.3172,-4.26317
LN1,53.2566,-0.586092
LN2,53.2595,-0.510366
LN3,53.2805,-0.339509
LN4,53.1534,-0.391544
LN5,53.188,-0.55272
LN6,53.2025,-0.59718
LN7,53.4894,-0.341501
LN8,53.3758,-0.329218
LN9,53.2159,-0.111706
LN10,53.1575,-0.215729
LN11,53.3723,0.0224612
LN12,53.3297,0.262784
LN13,53.2646,0.18276
LS1,53.7974,-1.55307
LS2,53.8015,-1.54734
LS3,53.8014,-1.56313
LS4,53.8085,-1.58275
LS5,53.8182,-1.60247
LS6,53.8185,-1.56626
LS7,53.8177,-1.5405
LS8,53.8215,-1.51247
LS9,53.7988,-1.51173
LS10,53.7652,-1.53189
LS11,53.7782,-1.55671
LS12,53.7914,-1.5953
LS13,53.8111,-1.63496
LS14,53.8269,-1.45847
LS15,53.8066,-1.44634
LS16,53.8509,-1.60425
LS17,53.8583,-1.52906
LS18,53.8409,-1.64462
LS19,53.8608,-1.68587
LS20,53.8734,-1.71375
LS21,53.9101,-1.68285
LS22,53.9318,-1.39248
LS23,53.9067,-1.35248
LS24,53.8711,-1.25505
LS25,53.7864,-1.32496
LS26,53.757,-1.44279
LS27,53.749,-1.60478
LS28,53.8015,-1.66908
LS29,53.9195,-1.80411
LS88,53.7518,-1.53522
LS98,53.7735,-1.53214
LS99,53.7664,-1.50424
LU1,51.8764,-0.424721
LU2,51.8908,-0.397831
LU3,51.906,-0.442775
LU4,51.8985,-0.465205
LU5,51.9078,-0.515822
LU6,51.881,-0.532696
LU7,51.9109,-0.661592
LU95,51.9137,-0.66278
M1,53.4777,-2.23678
M2,53.4803,-2.24466
M3,53.4835,-2.25229
M4,53.4849,-2.23071
M5,53.4797,-2.28553
M6,53.4916,-2.29576
M7,53.5043,-2.26174
M8,53.509,-2.24089
M9,53.5216,-2.2144
M10,53.5028,-2.1939
M11,53.4784,-2.18318
M12,53.4657,-2.2059
M13,53.4622,-2.21718
M14,53.4468,-2.22506
M15,53.4663,-2.25265
M16,53.456,-2.26513
M17,53.4692,-2.31555
M18,53.4616,-2.17281
M19,53.4377,-2.19552
M20,53.4251,-2.23167
M21,53.4389,-2.27341
M22,53.385,-2.26126
M23,53.3972,-2.28656
M24,53.5522,-2.19889
M25,53.5332,-2.27995
M26,53.5621,-2.3339
M27,53.5122,-2.33814
M28,53.5164,-2.39818
M29,53.515,-2.47026
M30,53.4759,-2.36738
M31,53.4428,-2.38119
M32,53.4501,-2.30834
M33,53.4226,-2.32479
M34,53.4548,-2.11601
M35,53.4978,-2.1527
M38,53.5299,-2.42026
M40,53.5027,-2.19392
M41,53.4511,-2.36267
M43,53.4831,-2.14919
M44,53.4407,-2.42714
M45,53.5446,-2.2897
M46,53.5255,-2.49219
M50,53.4766,-2.29012
M52,53.4504,-2.21543
M60,53.4847,-2.23313
M61,53.4864,-2.22933
M90,53.3638,-2.27549
M99,53.4858,-2.22905
ME1,51.3754,0.499495
ME2,51.3913,0.484728
ME3,51.4313,0.546501
ME4,51.3814,0.528068
ME5,51.3522,0.531673
ME6,51.3245,0.439254
ME7,51.3804,0.554739
ME8,51.3622,0.595092
ME9,51.3359,0.72358
ME10,51.3427,0.735621
ME11,51.4136,0.748313
ME12,51.4247,0.798387
ME13,51.3056,0.894353
ME14,51.2753,0.539254
ME15,51.2549,0.532872
ME16,51.2734,0.498649
ME17,51.2365,0.602262
ME18,51.2442,0.423108
ME19,51.293,0.410955
ME20,51.3059,0.459177
ME99,51.2858,0.518079
MK1,52.007,-0.726907
MK2,51.9919,-0.725556
MK3,51.9952,-0.749978
MK4,52.0047,-0.777126
MK5,52.0195,-0.777046
MK6,52.0292,-0.739285
MK7,52.0206,-0.692476
MK8,52.0358,-0.808581
MK9,52.0395,-0.750747
MK10,52.0377,-0.695246
MK11,52.0498,-0.835344
MK12,52.0571,-0.817984
MK13,52.0522,-0.789541
MK14,52.0597,-0.768724
MK15,52.0558,-0.726377
MK16,52.0882,-0.721006
MK17,52.0004,-0.698754
MK18,51.9803,-0.971053
MK19,52.0719,-0.851522
MK40,52.1374,-0.474716
MK41,52.1504,-0.450677
MK42,52.119,-0.473337
MK43,52.1163,-0.549606
MK44,52.1882,-0.430398
MK45,52.0301,-0.472779
MK46,52.1535,-0.695736
MK77,52.0411,-0.816062
MK98,52.0555,-0.76028
ML1,55.7977,-3.97718
ML2,55.7766,-3.91562
ML3,55.771,-4.05286
ML4,55.8187,-4.02141
ML5,55.8597,-4.03069
ML6,55.8678,-3.96333
ML7,55.8298,-3.79542
ML8,55.7279,-3.83807
ML9,55.7255,-3.96854
ML10,55.6845,-4.06196
ML11,55.6663,-3.78847
ML12,55.5736,-3.58824
N1,51.5376,-0.0982198
N1C,51.5366,-0.125884
N1P,51.539,-0.103398
N2,51.5903,-0.168621
N3,51.6004,-0.194108
N4,51.5706,-0.104925
N5,51.5538,-0.0985863
N6,51.5715,-0.14082
N7,51.554,-0.118062
N8,51.5824,-0.120065
N9,51.6278,-0.0588757
N10,51.5939,-0.144308
N11,51.614,-0.137609
N12,51.6154,-0.178482
N13,51.621,-0.103722
N14,51.6333,-0.129984
N15,51.5806,-0.0862699
N16,51.5644,-0.0768038
N17,51.5973,-0.0710604
N18,51.6137,-0.0647833
N19,51.5654,-0.128146
N20,51.6296,-0.174736
N21,51.6354,-0.0996172
N22,51.6,-0.114131
N81,51.5798,-0.0971106
NE1,54.9725,-1.61302
NE2,54.9862,-1.6065
NE3,55.0098,-1.63355
NE4,54.9728,-1.64378
NE5,54.9954,-1.68884
NE6,54.9772,-1.56745
NE7,54.9973,-1.57967
NE8,54.9564,-1.60495
NE9,54.9316,-1.58774
NE10,54.9484,-1.557
NE11,54.9401,-1.63184
NE12,55.0257,-1.57015
NE13,55.0416,-1.64747
NE15,54.9834,-1.71955
NE16,54.9349,-1.69347
NE17,54.9161,-1.81895
NE18,55.0386,-1.86038
NE19,55.1794,-2.09487
NE20,55.0523,-1.77807
NE21,54.9588,-1.7197
NE22,55.1373,-1.58403
NE23,55.0838,-1.58501
NE24,55.1227,-1.52132
NE25,55.0496,-1.48882
NE26,55.0472,-1.46114
NE27,55.0308,-1.51173
NE28,55.0009,-1.51876
NE29,55.0118,-1.46958
NE30,55.0198,-1.44288
NE31,54.9718,-1.51235
NE32,54.9698,-1.48443
NE33,54.9921,-1.43125
NE34,54.9728,-1.42325
NE35,54.9529,-1.4628
NE36,54.9475,-1.44337
NE37,54.9114,-1.52839
NE38,54.895,-1.52584
NE39,54.9259,-1.75806
NE40,54.966,-1.7703
NE41,54.9756,-1.82162
NE42,54.9624,-1.8539
NE43,54.9496,-1.90173
NE44,54.9441,-1.98049
NE45,54.9767,-2.01848
NE46,54.9779,-2.1043
NE47,54.9303,-2.24735
NE48,55.132,-2.26727
NE49,54.9665,-2.46086
NE61,55.1776,-1.6861
NE62,55.1613,-1.59291
NE63,55.1774,-1.56167
NE64,55.184,-1.51665
NE65,55.3108,-1.74059
NE66,55.427,-1.72688
NE67,55.5346,-1.69343
NE68,55.5722,-1.66056
NE69,55.6049,-1.71866
NE70,55.5919,-1.81613
NE71,55.553,-2.04072
NE82,54.9394,-1.615
NE83,54.9343,-1.61563
NE85,54.9287,-1.59962
NE88,54.9473,-1.61193
NE89,54.9007,-1.53613
NE92,54.9418,-1.61497
NE98,54.9729,-1.59958
NE99,54.9679,-1.61485
NG1,52.9546,-1.1475
NG2,52.9374,-1.13726
NG3,52.9678,-1.13018
NG4,52.971,-1.08694
NG5,52.9969,-1.14347
NG6,52.9973,-1.1915
NG7,52.9584,-1.17831
NG8,52.9636,-1.2148
NG9,52.9263,-1.23282
NG10,52.8998,-1.28214
NG11,52.8999,-1.17377
NG12,52.9103,-1.06048
NG13,52.9485,-0.926363
NG14,53.0133,-1.0422
NG15,53.045,-1.20277
NG16,53.0265,-1.29835
NG17,53.116,-1.26119
NG18,53.1408,-1.18587
NG19,53.16,-1.19774
NG20,53.2083,-1.18548
NG21,53.1429,-1.10662
NG22,53.1773,-0.970149
NG23,53.1138,-0.80056
NG24,53.0706,-0.801721
NG25,53.0742,-0.950957
NG31,52.9133,-0.641683
NG32,52.9468,-0.651644
NG33,52.8207,-0.583416
NG34,52.9878,-0.395131
NG70,53.1541,-1.18736
NG80,52.9357,-1.19202
NG90,52.9266,-1.19278
NN1,52.2416,-0.891241
NN2,52.2594,-0.882547
NN3,52.2626,-0.844025
NN4,52.2211,-0.897917
NN5,52.2455,-0.931616
NN6,52.3203,-0.945349
NN7,52.2152,-0.920195
NN8,52.2981,-0.692433
NN9,52.3128,-0.614946
NN10,52.293,-0.599107
NN11,52.2442,-1.17422
NN12,52.1277,-0.995514
NN13,52.0327,-1.14724
NN14,52.4112,-0.706145
NN15,52.384,-0.704935
NN16,52.4032,-0.700384
NN17,52.4999,-0.682798
NN18,52.4792,-0.710124
NN29,52.2626,-0.665308
NN99,52.2364,-0.901825
NPT,51.5894,-2.98984
NP1,51.6169,-3.11649
NP2,51.7121,-3.22531
NP3,51.7652,-3.17591
NP4,51.6934,-3.03959
NP5,51.7703,-2.79309
NP6,51.6208,-2.78176
NP7,51.8283,-3.01243
NP8,51.8576,-3.14122
NP9,51.5892,-2.98904
NP10,51.5801,-3.04313
NP11,51.6442,-3.13173
NP12,51.6687,-3.1977
NP13,51.7353,-3.14101
NP15,51.7231,-2.88926
NP16,51.6489,-2.6866
NP18,51.6048,-2.9428
NP19,51.5867,-2.96183
NP20,51.5901,-3.00437
NP22,51.7713,-3.25762
NP23,51.7846,-3.19803
NP24,51.7214,-3.23861
NP25,51.8043,-2.72291
NP26,51.5905,-2.77563
NP44,51.6514,-3.02752
NR1,52.6289,1.30866
NR2,52.6308,1.28521
NR3,52.6433,1.29502
NR4,52.6139,1.25965
NR5,52.6414,1.23725
NR6,52.661,1.28339
NR7,52.6452,1.33328
NR8,52.6764,1.20778
NR9,52.6316,1.11182
NR10,52.7349,1.245
NR11,52.8403,1.27517
NR12,52.7577,1.46621
NR13,52.6345,1.46593
NR14,52.5658,1.37504
NR15,52.5054,1.26649
NR16,52.4784,1.05532
NR17,52.5158,0.996178
NR18,52.571,1.10936
NR19,52.6761,0.931473
NR20,52.7216,0.979103
NR21,52.8404,0.850407
NR22,52.8927,0.862741
NR23,52.9492,0.857777
NR24,52.8578,1.04557
NR25,52.9202,1.0829
NR26,52.9375,1.21144
NR27,52.9251,1.29986
NR28,52.8222,1.39675
NR29,52.6893,1.64191
NR30,52.6177,1.72709
NR31,52.5767,1.70965
NR32,52.4878,1.73299
NR33,52.4557,1.71836
NR34,52.4396,1.58264
NR35,52.4615,1.43297
NR99,52.6266,1.30916
NW1,51.5323,-0.142794
NW1W,51.5308,-0.135426
NW2,51.5594,-0.218369
NW3,51.5526,-0.173182
NW4,51.5874,-0.223761
NW5,51.5516,-0.144739
NW6,51.5402,-0.195589
NW7,51.615,-0.236097
NW8,51.5317,-0.174627
NW9,51.5865,-0.253708
NW10,51.5392,-0.248929
NW11,51.5787,-0.198406
NW26,51.533,-0.211035
OL1,53.5468,-2.10608
OL2,53.5712,-2.1095
OL3,53.5525,-2.0115
OL4,53.5423,-2.0758
OL5,53.5167,-2.04075
OL6,53.4926,-2.08845
OL7,53.4894,-2.10617
OL8,53.5271,-2.1172
OL9,53.5389,-2.14181
OL10,53.5905,-2.22275
OL11,53.6063,-2.174
OL12,53.6344,-2.16538
OL13,53.7008,-2.20424
OL14,53.7142,-2.10089
OL15,53.6436,-2.10269
OL16,53.6133,-2.1385
OL95,53.5563,-2.1054
OX1,51.7469,-1.2623
OX2,51.7632,-1.27759
OX3,51.7603,-1.21552
OX4,51.7286,-1.21428
OX5,51.8602,-1.29339
OX6,51.909,-1.16887
OX7,51.8986,-1.49502
OX8,51.7823,-1.49883
OX9,51.703,-1.04051
OX10,51.6057,-1.12943
OX11,51.6003,-1.25002
OX12,51.5957,-1.42516
OX13,51.6763,-1.34893
OX14,51.6681,-1.27823
OX15,52.033,-1.40235
OX16,52.0635,-1.33897
OX17,52.0725,-1.29245
OX18,51.7624,-1.59249
OX20,51.8544,-1.35683
OX25,51.9005,-1.20791
OX26,51.9012,-1.15141
OX27,51.9337,-1.14995
OX28,51.7844,-1.48578
OX29,51.793,-1.44003
OX33,51.7567,-1.14352
OX39,51.7036,-0.917053
OX44,51.7007,-1.135
OX49,51.6492,-1.00232
PA1,55.8449,-4.42039
PA2,55.8297,-4.43454
PA3,55.8513,-4.44394
PA4,55.8753,-4.39569
PA5,55.8316,-4.50996
PA6,55.8629,-4.53435
PA7,55.9064,-4.50187
PA8,55.9013,-4.4532
PA9,55.8112,-4.55029
PA10,55.8329,-4.5494
PA11,55.8572,-4.58395
PA12,55.7967,-4.61895
PA13,55.8896,-4.62541
PA14,55.9283,-4.66685
PA15,55.9429,-4.74699
PA16,55.9427,-4.79799
PA17,55.8693,-4.87488
PA18,55.8914,-4.88011
PA19,55.9524,-4.82131
PA20,55.8344,-5.05699
PA21,55.9031,-5.25036
PA22,55.9703,-5.12217
PA23,55.954,-4.9332
PA24,56.1548,-4.90415
PA25,56.214,-5.04377
PA26,56.2597,-4.93553
PA27,56.1484,-5.07755
PA28,55.4339,-5.60569
PA29,55.8059,-5.47467
PA30,56.0135,-5.44951
PA31,56.0515,-5.45677
PA32,56.1976,-5.12694
PA33,56.3747,-5.04488
PA34,56.4015,-5.49809
PA35,56.4064,-5.22679
PA36,56.52,-4.773
PA37,56.463,-5.39816
PA38,56.5953,-5.3333
PA39,56.6733,-5.10653
PA40,56.7139,-4.96469
PA41,55.6745,-5.74258
PA42,55.6389,-6.18783
PA43,55.7558,-6.28464
PA44,55.7977,-6.28834
PA45,55.8195,-6.1669
PA46,55.8612,-6.11895
PA47,55.682,-6.50402
PA48,55.7387,-6.3845
PA49,55.7799,-6.38999
PA60,55.8763,-5.91835
PA61,56.0717,-6.20286
PA62,56.3593,-5.85149
PA63,56.3818,-5.71584
PA64,56.4465,-5.69109
PA65,56.4691,-5.7253
PA66,56.3274,-6.33965
PA67,56.3137,-6.23197
PA68,56.4364,-6.14257
PA69,56.3794,-6.07782
PA70,56.3649,-6.03719
PA71,56.4807,-5.9815
PA72,56.5179,-5.96567
PA73,56.4959,-6.18365
PA74,56.533,-6.22975
PA75,56.614,-6.10693
PA76,56.3335,-6.39495
PA77,56.4952,-6.87843
PA78,56.6264,-6.54584
PA80,56.7986,-6.77088
PA81,57.2314,-7.34773
PA82,57.597,-7.30592
PA83,57.7652,-7.00997
PA84,57.8698,-6.69096
PA85,57.8782,-6.85546
PA86,58.2476,-6.46737
PA87,58.2098,-6.37269
PA88,57.4503,-7.34403
PA98,55.8606,-4.42976
PE1,52.5912,-0.248697
PE2,52.5683,-0.273885
PE3,52.5863,-0.277332
PE4,52.6121,-0.26531
PE5,52.578,-0.345824
PE6,52.655,-0.255929
PE7,52.5391,-0.206818
PE8,52.5275,-0.440714
PE9,52.6538,-0.478576
PE10,52.7734,-0.377961
PE11,52.8064,-0.164087
PE12,52.786,0.0181345
PE13,52.6688,0.139508
PE14,52.6393,0.201254
PE15,52.5389,0.0860024
PE16,52.4548,0.0491526
PE17,52.381,-0.117076
PE18,52.3231,-0.212606
PE19,52.2366,-0.263498
PE20,52.9328,-0.101773
PE21,52.9747,-0.0235642
PE22,53.0474,0.0417053
PE23,53.1727,0.0907394
PE24,53.1647,0.268259
PE25,53.1521,0.334539
PE26,52.4531,-0.115157
PE27,52.3308,-0.0751869
PE28,52.3584,-0.190823
PE29,52.3344,-0.180815
PE30,52.7587,0.41325
PE31,52.876,0.564302
PE32,52.7293,0.622313
PE33,52.6512,0.462272
PE34,52.7272,0.342122
PE35,52.8273,0.509802
PE36,52.9382,0.505568
PE37,52.644,0.692595
PE38,52.5918,0.376172
PE99,52.614,-0.287219
PH1,56.4182,-3.47321
PH2,56.3861,-3.40877
PH3,56.3013,-3.70523
PH4,56.2637,-3.77944
PH5,56.3294,-3.82976
PH6,56.3718,-3.98867
PH7,56.3732,-3.82996
PH8,56.5625,-3.59736
PH9,56.6542,-3.69905
PH10,56.6053,-3.35672
PH11,56.6398,-3.23615
PH12,56.5757,-3.15676
PH13,56.5389,-3.2771
PH14,56.4507,-3.18775
PH15,56.6111,-3.9311
PH16,56.706,-3.79788
PH17,56.686,-4.36927
PH18,56.7753,-3.89303
PH19,56.9345,-4.25469
PH20,57.0557,-4.14795
PH21,57.0902,-4.02035
PH22,57.1986,-3.81254
PH23,57.2872,-3.8002
PH24,57.2586,-3.74109
PH25,57.2653,-3.64585
PH26,57.3299,-3.60581
PH30,56.7922,-4.60124
PH31,56.8923,-4.82159
PH32,57.1442,-4.68369
PH33,56.8157,-5.08678
PH34,56.9151,-4.92882
PH35,57.0751,-4.8869
PH36,56.7194,-5.85481
PH37,56.8419,-5.49446
PH38,56.8522,-5.74011
PH39,56.912,-5.84183
PH40,56.9622,-5.80002
PH41,57.0031,-5.82836
PH42,56.8681,-6.19163
PH43,57.0136,-6.28196
PH44,57.0568,-6.50327
PH49,56.6784,-5.11494
PH50,56.7146,-4.96571
PL1,50.3701,-4.14782
PL2,50.3866,-4.15628
PL3,50.386,-4.12575
PL4,50.3747,-4.12749
PL5,50.411,-4.16698
PL6,50.4183,-4.11907
PL7,50.3909,-4.04581
PL8,50.3379,-4.01867
PL9,50.3559,-4.08827
PL10,50.3477,-4.21242
PL11,50.3732,-4.25314
PL12,50.4183,-4.2468
PL13,50.359,-4.47162
PL14,50.4626,-4.46585
PL15,50.6323,-4.39364
PL16,50.645,-4.27507
PL17,50.5146,-4.30631
PL18,50.5156,-4.22383
PL19,50.5546,-4.15332
PL20,50.5037,-4.10046
PL21,50.3854,-3.91914
PL22,50.4038,-4.65353
PL23,50.3371,-4.63643
PL24,50.3547,-4.71292
PL25,50.3409,-4.77669
PL26,50.3461,-4.82433
PL27,50.5223,-4.87059
PL28,50.5325,-4.96747
PL29,50.5829,-4.82689
PL30,50.4996,-4.72703
PL31,50.4691,-4.72242
PL32,50.632,-4.66379
PL33,50.6224,-4.73141
PL34,50.66,-4.74385
PL35,50.6844,-4.68479
PL95,50.3666,-4.10448
PO1,50.7993,-1.08991
PO2,50.816,-1.07879
PO3,50.815,-1.06159
PO4,50.7909,-1.06435
PO5,50.7897,-1.08661
PO6,50.8461,-1.06959
PO7,50.8845,-1.04216
PO8,50.9109,-1.01485
PO9,50.8619,-0.982997
PO10,50.8515,-0.93073
PO11,50.7915,-0.977488
PO12,50.7987,-1.14273
PO13,50.8115,-1.17918
PO14,50.8397,-1.21195
PO15,50.8642,-1.22232
PO16,50.8505,-1.16209
PO17,50.888,-1.17424
PO18,50.8618,-0.813032
PO19,50.8369,-0.777601
PO20,50.796,-0.771009
PO21,50.7849,-0.693447
PO22,50.799,-0.649584
PO24,,
PO30,50.6935,-1.31017
PO31,50.7524,-1.30619
PO32,50.7498,-1.28153
PO33,50.7212,-1.16858
PO34,50.7161,-1.11404
PO35,50.6878,-1.08869
PO36,50.6579,-1.16259
PO37,50.6328,-1.17809
PO38,50.6039,-1.23867
PO39,50.6805,-1.53945
PO40,50.6827,-1.52235
PO41,50.6999,-1.47809
PR0,53.7588,-2.68391
PR1,53.7579,-2.7018
PR2,53.7757,-2.70516
PR3,53.8661,-2.71728
PR4,53.7538,-2.83122
PR5,53.7134,-2.68093
PR6,53.6645,-2.6147
PR7,53.6488,-2.65277
PR8,53.6276,-3.00493
PR9,53.6571,-2.97179
PR11,53.7787,-2.68495
PR25,53.6953,-2.69578
PR26,53.6894,-2.73767
RG1,51.4512,-0.970773
RG2,51.4237,-0.955338
RG3,51.4533,-1.02712
RG4,51.4781,-0.965366
RG5,51.4529,-0.907026
RG6,51.4426,-0.933631
RG7,51.3975,-1.08189
RG8,51.5053,-1.10684
RG9,51.5426,-0.920269
RG10,51.4799,-0.867383
RG11,51.3986,-0.839517
RG12,51.4119,-0.75272
RG13,51.4054,-1.28932
RG14,51.3985,-1.32122
RG15,51.3576,-1.34484
RG16,51.4711,-1.36218
RG17,51.4376,-1.49882
RG18,51.431,-1.24761
RG19,51.3971,-1.22094
RG20,51.403,-1.33488
RG21,51.2668,-1.0905
RG22,51.2521,-1.12292
RG23,51.2576,-1.14705
RG24,51.2799,-1.07858
RG25,51.2357,-1.08551
RG26,51.348,-1.12813
RG27,51.307,-0.949645
RG28,51.2351,-1.32968
RG29,51.249,-0.947416
RG30,51.4533,-1.00924
RG31,51.4563,-1.04048
RG40,51.4027,-0.836117
RG41,51.4159,-0.85717
RG42,51.4248,-0.760419
RG45,51.3786,-0.802404
RH1,51.238,-0.159064
RH2,51.2367,-0.203246
RH3,51.2327,-0.284378
RH4,51.2307,-0.333833
RH5,51.1962,-0.342232
RH6,51.1717,-0.165536
RH7,51.1745,-0.0184076
RH8,51.2529,-0.000209406
RH9,51.2369,-0.0766651
RH10,51.1196,-0.164307
RH11,51.112,-0.204692
RH12,51.0749,-0.328772
RH13,51.0385,-0.333147
RH14,51.0316,-0.479757
RH15,50.9568,-0.135812
RH16,51.0029,-0.0999388
RH17,51.02,-0.118998
RH18,51.1008,0.0251609
RH19,51.1258,-0.0135229
RH20,50.9375,-0.471809
RH77,51.1388,-0.169779
RM1,51.5802,0.182072
RM2,51.5825,0.199396
RM3,51.6022,0.224286
RM4,51.6333,0.161762
RM5,51.5981,0.165311
RM6,51.575,0.133642
RM7,51.5733,0.169623
RM8,51.5571,0.130803
RM9,51.544,0.137065
RM10,51.5456,0.156588
RM11,51.5696,0.218019
RM12,51.5548,0.209234
RM13,51.5234,0.191546
RM14,51.5561,0.261354
RM15,51.5091,0.277126
RM16,51.4888,0.320344
RM17,51.4796,0.325898
RM18,51.4677,0.370416
RM19,51.4825,0.25231
RM20,51.4789,0.28652
RM50,51.5703,0.170637
S1,53.3806,-1.46948
S2,53.3717,-1.45106
S3,53.3868,-1.47311
S4,53.3977,-1.45149
S5,53.4223,-1.46228
S6,53.4024,-1.50927
S7,53.3547,-1.4899
S8,53.3429,-1.47945
S9,53.3968,-1.42095
S10,53.3771,-1.51678
S11,53.3607,-1.50808
S12,53.3499,-1.40923
S13,53.3648,-1.38441
S14,53.3471,-1.44489
S17,53.3226,-1.526
S18,53.2996,-1.47292
S19,53.3345,-1.3516
S20,53.3342,-1.3496
S21,53.3131,-1.33987
S25,53.3676,-1.21968
S26,53.3552,-1.28755
S30,53.4457,-1.57621
S31,53.3426,-1.28395
S32,53.2948,-1.6448
S33,53.3432,-1.73368
S35,53.4581,-1.4957
S36,53.5055,-1.61644
S40,53.2346,-1.44329
S41,53.2468,-1.42899
S42,53.2014,-1.42144
S43,53.2682,-1.34004
S44,53.226,-1.31192
S45,53.1677,-1.42024
S49,53.2352,-1.43481
S60,53.4166,-1.35272
S61,53.4431,-1.39327
S62,53.4662,-1.34517
S63,53.5172,-1.32968
S64,53.4913,-1.29977
S65,53.4362,-1.32149
S66,53.4213,-1.25157
S69,,
S70,53.5438,-1.4767
S71,53.5733,-1.45732
S72,53.5777,-1.3944
S73,53.5243,-1.39554
S74,53.5018,-1.44066
S75,53.5617,-1.51891
S80,53.2951,-1.14701
S81,53.3374,-1.12387
S94,,
S95,53.4144,-1.41096
S96,53.403,-1.42703
S97,53.4977,-1.34314
S98,53.4041,-1.43112
S99,53.4042,-1.43103
SA1,51.6293,-3.93849
SA2,51.6215,-3.99108
SA3,51.5828,-4.04061
SA4,51.6761,-4.04264
SA5,51.6487,-3.96905
SA6,51.6748,-3.92152
SA7,51.6632,-3.89398
SA8,51.7216,-3.84715
SA9,51.7808,-3.77065
SA10,51.686,-3.80138
SA11,51.6738,-3.76665
SA12,51.6073,-3.79499
SA13,51.6043,-3.73741
SA14,51.7318,-4.10922
SA15,51.6967,-4.16736
SA16,51.6891,-4.25421
SA17,51.755,-4.28603
SA18,51.7974,-3.96309
SA19,51.9485,-3.95117
SA20,52.0096,-3.78837
SA31,51.8561,-4.30906
SA32,51.8875,-4.17238
SA33,51.8493,-4.43337
SA34,51.8507,-4.61826
SA35,51.9737,-4.56079
SA36,51.9578,-4.60838
SA37,52.0179,-4.59569
SA38,52.0415,-4.47012
SA39,52.0206,-4.24858
SA40,52.0851,-4.16957
SA41,51.9982,-4.70408
SA42,52.0156,-4.85304
SA43,52.0867,-4.63216
SA44,52.0833,-4.36969
SA45,52.2057,-4.35814
SA46,52.2298,-4.24508
SA47,52.1907,-4.29667
SA48,52.1421,-4.11087
SA61,51.7991,-4.97448
SA62,51.8392,-5.06035
SA63,51.8702,-4.86213
SA64,52.002,-5.01084
SA65,51.9887,-4.97042
SA66,51.8774,-4.74488
SA67,51.7854,-4.73425
SA68,51.7311,-4.76404
SA69,51.7096,-4.70689
SA70,51.6722,-4.73486
SA71,51.6695,-4.9329
SA72,51.6921,-4.93717
SA73,51.7178,-5.01548
SA80,51.6479,-3.92426
SA99,51.67,-3.94545
SE1,51.4982,-0.0903583
SE1P,51.4928,-0.0801511
SE2,51.4914,0.11443
SE3,51.4685,0.0175913
SE4,51.4618,-0.0354211
SE5,51.4741,-0.09299
SE6,51.4386,-0.0176342
SE7,51.4853,0.0314876
SE8,51.4817,-0.0289033
SE9,51.4462,0.0545838
SE10,51.4844,0.00133085
SE11,51.4895,-0.108915
SE12,51.4461,0.0265881
SE13,51.4593,-0.0105184
SE14,51.4755,-0.0430793
SE15,51.4727,-0.0671041
SE16,51.4965,-0.0553358
SE17,51.4886,-0.0947234
SE18,51.4855,0.0714226
SE19,51.4182,-0.0851956
SE20,51.4131,-0.0580194
SE21,51.4383,-0.0884741
SE22,51.4546,-0.0726036
SE23,51.4401,-0.0501424
SE24,51.4571,-0.100219
SE25,51.3981,-0.0775195
SE26,51.428,-0.054159
SE27,51.4304,-0.101577
SE28,51.5012,0.104338
SE99,51.4782,-0.081697
SG1,51.9088,-0.197699
SG2,51.8965,-0.169436
SG3,51.8613,-0.182527
SG4,51.9252,-0.261246
SG5,51.9646,-0.276845
SG6,51.9795,-0.220781
SG7,52.0018,-0.178615
SG8,52.0646,-0.0150165
SG9,51.9401,-0.0104121
SG10,51.843,0.0660186
SG11,51.8768,0.025582
SG12,51.8127,-0.0181995
SG13,51.7899,-0.0720658
SG14,51.8056,-0.0909584
SG15,52.0116,-0.26246
SG16,52.0133,-0.299368
SG17,52.0348,-0.334688
SG18,52.0827,-0.264016
SG19,52.1382,-0.247092
SK1,53.4082,-2.15387
SK2,53.3964,-2.13792
SK3,53.4,-2.17071
SK4,53.4173,-2.17856
SK5,53.4322,-2.15382
SK6,53.4057,-2.08178
SK7,53.3687,-2.14477
SK8,53.3813,-2.20887
SK9,53.3269,-2.23099
SK10,53.2736,-2.12999
SK11,53.2477,-2.1426
SK12,53.3501,-2.01802
SK13,53.4476,-1.96353
SK14,53.4529,-2.04701
SK15,53.4865,-2.05033
SK16,53.4728,-2.08239
SK17,53.2471,-1.88449
SK22,53.3737,-1.99324
SK23,53.3281,-1.94647
SL0,51.5227,-0.516484
SL1,51.516,-0.614316
SL2,51.5327,-0.602813
SL3,51.5006,-0.557953
SL4,51.4768,-0.623792
SL5,51.4048,-0.66185
SL6,51.5229,-0.726447
SL7,51.5743,-0.777784
SL8,51.5778,-0.70889
SL9,51.5955,-0.555513
SL60,51.5186,-0.714786
SL95,51.4991,-0.538793
SM1,51.3647,-0.193064
SM2,51.3532,-0.197807
SM3,51.3699,-0.214296
SM4,51.393,-0.200194
SM5,51.3667,-0.165494
SM6,51.3611,-0.146573
SM7,51.3228,-0.202072
SN1,51.5565,-1.77603
SN2,51.5793,-1.77779
SN3,51.5598,-1.74306
SN4,51.5317,-1.84524
SN5,51.5676,-1.83886
SN6,51.615,-1.74467
SN7,51.6501,-1.56693
SN8,51.4098,-1.6942
SN9,51.3289,-1.78297
SN10,51.3394,-1.98812
SN11,51.4395,-1.99983
SN12,51.3726,-2.13715
SN13,51.4264,-2.20773
SN14,51.4659,-2.19844
SN15,51.4708,-2.0923
SN16,51.5891,-2.08144
SN17,51.5462,-1.84258
SN25,51.5949,-1.80371
SN26,51.6115,-1.78531
SN38,51.5599,-1.78933
SN42,,
SN86,,
SN99,51.5547,-1.74333
SO1,50.9232,-1.42823
SO2,50.9166,-1.36891
SO3,50.9025,-1.28165
SO4,50.8408,-1.49221
SO5,50.9808,-1.39827
SO9,50.9129,-1.407
SO14,50.9078,-1.39661
SO15,50.9167,-1.42596
SO16,50.9345,-1.43301
SO17,50.926,-1.3974
SO18,50.9237,-1.36691
SO19,50.9028,-1.35736
SO20,51.1149,-1.50232
SO21,51.0731,-1.31464
SO22,51.0662,-1.33181
SO23,51.0672,-1.30563
SO24,51.0855,-1.15028
SO25,51.0676,-1.29735
SO30,50.9208,-1.30603
SO31,50.8704,-1.29463
SO32,50.9464,-1.21633
SO40,50.9169,-1.50432
SO41,50.756,-1.56118
SO42,50.8062,-1.53869
SO43,50.8891,-1.58222
SO45,50.8498,-1.39514
SO50,50.9707,-1.34585
SO51,50.9941,-1.50066
SO52,50.9775,-1.43688
SO53,50.9842,-1.38116
SO97,50.9485,-1.36196
SP1,51.0737,-1.79112
SP2,51.0726,-1.81904
SP3,51.0997,-2.00515
SP4,51.1618,-1.76697
SP5,51.0244,-1.77304
SP6,50.9354,-1.80116
SP7,51.0054,-2.18612
SP8,51.0368,-2.28863
SP9,51.2329,-1.66364
SP10,51.2106,-1.48328
SP11,51.2261,-1.5147
SR1,54.9069,-1.3816
SR2,54.8883,-1.37852
SR3,54.8775,-1.41648
SR4,54.9015,-1.42482
SR5,54.9216,-1.42209
SR6,54.9339,-1.38073
SR7,54.8309,-1.36043
SR8,54.7665,-1.33661
SR9,54.9118,-1.40853
SR43,54.9102,-1.42554
SR88,54.7567,-1.33492
SS0,51.5458,0.691396
SS1,51.5394,0.724208
SS2,51.55,0.715734
SS3,51.5423,0.789624
SS4,51.5919,0.712358
SS5,51.6069,0.648957
SS6,51.5878,0.606182
SS7,51.5631,0.577718
SS8,51.522,0.589377
SS9,51.5536,0.652172
SS11,51.6164,0.535216
SS12,51.6058,0.520886
SS13,51.5749,0.507569
SS14,51.5749,0.469984
SS15,51.5769,0.429114
SS16,51.5631,0.451784
SS17,51.5219,0.439663
SS22,51.5555,0.709384
SS99,51.5481,0.710759
ST1,53.0252,-2.17464
ST2,53.0271,-2.13719
ST3,52.9811,-2.12283
ST4,52.9978,-2.1835
ST5,53.0151,-2.23931
ST6,53.0564,-2.19206
ST7,53.0881,-2.26744
ST8,53.1155,-2.16863
ST9,53.0497,-2.10382
ST10,52.9885,-1.96609
ST11,52.9669,-2.06771
ST12,52.9538,-2.17226
ST13,53.1015,-2.01992
ST14,52.9034,-1.86945
ST15,52.8984,-2.15136
ST16,52.8107,-2.12108
ST17,52.7896,-2.10096
ST18,52.8146,-2.08307
ST19,52.7162,-2.14527
ST20,52.7986,-2.25488
ST21,52.8689,-2.26304
ST55,53.0161,-2.25049
SW1A,51.502,-0.133833
SW1E,51.4968,-0.140162
SW1H,51.4977,-0.13441
SW1P,51.4889,-0.133551
SW1V,51.4907,-0.139434
SW1W,51.4932,-0.147677
SW1X,51.4975,-0.15342
SW1Y,51.5053,-0.135183
SW2,51.4508,-0.120686
SW3,51.4881,-0.164774
SW4,51.4616,-0.137256
SW5,51.4897,-0.189618
SW6,51.4774,-0.20045
SW7,51.4965,-0.176514
SW8,51.4766,-0.132701
SW9,51.4691,-0.113681
SW10,51.4838,-0.18304
SW11,51.4672,-0.163895
SW12,51.4462,-0.149943
SW13,51.4744,-0.249241
SW14,51.4665,-0.266669
SW15,51.458,-0.225726
SW16,51.4237,-0.129593
SW17,51.4303,-0.165279
SW18,51.4504,-0.191552
SW19,51.4221,-0.205428
SW20,51.4125,-0.223959
SW95,51.4805,-0.136332
SW99,51.4724,-0.115672
SY1,52.7197,-2.74338
SY2,52.7055,-2.73049
SY3,52.7004,-2.77123
SY4,52.7939,-2.75347
SY5,52.6555,-2.8272
SY6,52.5352,-2.79439
SY7,52.4264,-2.88244
SY8,52.3652,-2.6969
SY9,52.4962,-2.98246
SY10,52.8392,-3.10806
SY11,52.8673,-3.03105
SY12,52.902,-2.8968
SY13,52.9532,-2.68897
SY14,53.0279,-2.76302
SY15,52.5602,-3.13512
SY16,52.5199,-3.31245
SY17,52.517,-3.46164
SY18,52.4422,-3.54928
SY19,52.5716,-3.59495
SY20,52.6133,-3.82093
SY21,52.6583,-3.20041
SY22,52.7582,-3.1814
SY23,52.3851,-4.05527
SY24,52.4692,-4.02534
SY25,52.2372,-3.93585
SY99,52.7129,-2.74956
TA1,51.0164,-3.1057
TA2,51.0329,-3.10144
TA3,50.9944,-3.04172
TA4,51.0714,-3.26419
TA5,51.1425,-3.09009
TA6,51.1258,-3.00119
TA7,51.1311,-2.91473
TA8,51.2439,-2.99485
TA9,51.2257,-2.95949
TA10,51.0339,-2.82654
TA11,51.0602,-2.70986
TA12,50.9742,-2.77219
TA13,50.9472,-2.81066
TA14,50.948,-2.75112
TA15,50.9514,-2.72213
TA16,50.9077,-2.79313
TA17,50.9082,-2.83608
TA18,50.8828,-2.78802
TA19,50.934,-2.91549
TA20,50.8732,-2.96126
TA21,50.9779,-3.24165
TA22,51.0448,-3.54669
TA23,51.165,-3.34923
TA24,51.1843,-3.50707
TD1,55.6226,-2.81071
TD2,55.731,-2.75532
TD3,55.7016,-2.57323
TD4,55.6405,-2.67389
TD5,55.5894,-2.41913
TD6,55.5829,-2.69583
TD7,55.5379,-2.86947
TD8,55.476,-2.54336
TD9,55.3996,-2.77773
TD10,55.7162,-2.44212
TD11,55.7866,-2.31527
TD12,55.6529,-2.24188
TD13,55.9361,-2.38311
TD14,55.8671,-2.12253
TD15,55.7509,-2.013
TF1,52.7032,-2.50101
TF2,52.6957,-2.4407
TF3,52.6663,-2.44757
TF4,52.661,-2.46971
TF5,52.7151,-2.53681
TF6,52.7335,-2.55473
TF7,52.6395,-2.44715
TF8,52.6303,-2.47853
TF9,52.8981,-2.47237
TF10,52.7686,-2.38619
TF11,52.6639,-2.36416
TF12,52.613,-2.48083
TF13,52.582,-2.57741
TN1,51.1369,0.268057
TN2,51.1267,0.267935
TN3,51.1245,0.250284
TN4,51.1469,0.258314
TN5,51.0678,0.358196
TN6,51.0539,0.171549
TN7,51.0914,0.110289
TN8,51.1954,0.0758847
TN9,51.1912,0.278828
TN10,51.2102,0.284265
TN11,51.2058,0.26723
TN12,51.1729,0.438134
TN13,51.2749,0.186229
TN14,51.2951,0.163168
TN15,51.299,0.267979
TN16,51.2972,0.0483563
TN17,51.0954,0.537628
TN18,51.0453,0.524454
TN19,51.0043,0.413005
TN20,51.0307,0.253901
TN21,50.9604,0.260977
TN22,50.9799,0.097304
TN23,51.1407,0.860642
TN24,51.1498,0.885438
TN25,51.1415,0.933005
TN26,51.101,0.804874
TN27,51.1662,0.708174
TN28,50.9837,0.94913
TN29,50.9929,0.93282
TN30,51.0643,0.695074
TN31,50.9603,0.695916
TN32,50.9789,0.488125
TN33,50.9118,0.47648
TN34,50.8629,0.579843
TN35,50.8803,0.609535
TN36,50.9218,0.701132
TN37,50.8706,0.556235
TN38,50.8652,0.544773
TN39,50.8461,0.453659
TN40,50.8439,0.480293
TQ1,50.4737,-3.52785
TQ2,50.4758,-3.54476
TQ3,50.4434,-3.57467
TQ4,50.4254,-3.57196
TQ5,50.3922,-3.52228
TQ6,50.3477,-3.59087
TQ7,50.2827,-3.78435
TQ8,50.2403,-3.7722
TQ9,50.4202,-3.69038
TQ10,50.4243,-3.81767
TQ11,50.4806,-3.78035
TQ12,50.5299,-3.61079
TQ13,50.5911,-3.71187
TQ14,50.5499,-3.50655
TR1,50.2615,-5.05312
TR2,50.2545,-4.95606
TR3,50.2204,-5.10799
TR4,50.2841,-5.13188
TR5,50.3072,-5.18768
TR6,50.3426,-5.15307
TR7,50.4138,-5.07626
TR8,50.4014,-5.04069
TR9,50.4141,-4.94154
TR10,50.1663,-5.11822
TR11,50.1506,-5.08801
TR12,50.0443,-5.18461
TR13,50.1093,-5.28566
TR14,50.2114,-5.29621
TR15,50.2331,-5.23725
TR16,50.2333,-5.22231
TR17,50.1254,-5.47043
TR18,50.1179,-5.54166
TR19,50.1018,-5.62666
TR20,50.1311,-5.49155
TR21,49.9479,-6.18869
TR22,49.8936,-6.34198
TR23,49.9539,-6.35263
TR24,49.9555,-6.33554
TR25,49.9634,-6.29108
TR26,50.2028,-5.47993
TR27,50.1826,-5.40746
TR93,50.1294,-5.50275
TS1,54.5731,-1.23966
TS2,54.5834,-1.23748
TS3,54.5619,-1.1985
TS4,54.5571,-1.22361
TS5,54.552,-1.25216
TS6,54.5674,-1.15615
TS7,54.533,-1.1865
TS8,54.5217,-1.23097
TS9,54.4691,-1.16846
TS10,54.6056,-1.07225
TS11,54.588,-1.03389
TS12,54.5635,-0.96732
TS13,54.5506,-0.858677
TS14,54.5323,-1.06188
TS15,54.4933,-1.33337
TS16,54.526,-1.35408
TS17,54.5388,-1.30502
TS18,54.5624,-1.32165
TS19,54.5761,-1.33848
TS20,54.5855,-1.31444
TS21,54.6232,-1.42184
TS22,54.6219,-1.32282
TS23,54.6065,-1.28699
TS24,54.6935,-1.21075
TS25,54.6634,-1.22406
TS26,54.6884,-1.23092
TS27,54.7222,-1.28742
TS28,54.7257,-1.37486
TS29,54.7112,-1.41996
TS90,54.5759,-1.24494
TW1,51.451,-0.32796
TW2,51.4471,-0.350065
TW3,51.4687,-0.36333
TW4,51.4669,-0.3844
TW5,51.4803,-0.381544
TW6,51.4685,-0.450981
TW7,51.4749,-0.331654
TW8,51.486,-0.308288
TW9,51.4671,-0.29712
TW10,51.4515,-0.302832
TW11,51.4268,-0.332607
TW12,51.421,-0.369477
TW13,51.4392,-0.403488
TW14,51.4522,-0.419979
TW15,51.4303,-0.455765
TW16,51.4165,-0.41755
TW17,51.3976,-0.448034
TW18,51.4293,-0.510745
TW19,51.4521,-0.505309
TW20,51.4282,-0.548633
UB1,51.5123,-0.376511
UB2,51.5006,-0.380295
UB3,51.505,-0.421474
UB4,51.5231,-0.40864
UB5,51.5443,-0.374661
UB6,51.5403,-0.344236
UB7,51.507,-0.471326
UB8,51.537,-0.478835
UB9,51.5799,-0.491791
UB10,51.5472,-0.455651
UB11,51.5156,-0.453458
UB18,51.5007,-0.402682
W1A,51.5186,-0.130986
W1B,51.5141,-0.140665
W1C,51.5144,-0.149428
W1D,51.5136,-0.13293
W1E,,
W1F,51.5135,-0.136493
W1G,51.5191,-0.148036
W1H,51.5174,-0.159519
W1J,51.508,-0.144917
W1K,51.5112,-0.150859
W1M,51.5182,-0.150597
W1N,51.5187,-0.143713
W1P,51.5198,-0.137612
W1R,51.5129,-0.141066
W1S,51.5113,-0.142349
W1T,51.5201,-0.136468
W1U,51.5186,-0.153392
W1V,51.5124,-0.135874
W1W,51.5191,-0.140944
W1X,51.5095,-0.144369
W1Y,51.5101,-0.149848
W2,51.5144,-0.189175
W3,51.5084,-0.270228
W4,51.4914,-0.263586
W5,51.5122,-0.304002
W6,51.4925,-0.231097
W7,51.5097,-0.335093
W8,51.5004,-0.195414
W9,51.5232,-0.194128
W10,51.5201,-0.22339
W11,51.5128,-0.218545
W12,51.5094,-0.239193
W13,51.5131,-0.321433
W14,51.4954,-0.211171
WA1,53.3926,-2.58043
WA2,53.4085,-2.58365
WA3,53.4522,-2.54837
WA4,53.3703,-2.58148
WA5,53.3998,-2.63276
WA6,53.2756,-2.72423
WA7,53.3303,-2.7032
WA8,53.3725,-2.73941
WA9,53.4371,-2.71987
WA10,53.4537,-2.7528
WA11,53.4772,-2.71949
WA12,53.4534,-2.63424
WA13,53.3825,-2.46575
WA14,53.3874,-2.35679
WA15,53.3844,-2.32901
WA16,53.3045,-2.37117
WA55,53.3916,-2.60886
WA88,53.368,-2.76867
WC1A,51.5194,-0.122241
WC1B,51.519,-0.126517
WC1E,51.5207,-0.132413
WC1H,51.5248,-0.126313
WC1N,51.522,-0.120626
WC1R,51.5192,-0.11698
WC1V,51.5177,-0.11816
WC1X,51.5244,-0.117242
WC2A,51.5161,-0.115389
WC2B,51.515,-0.120951
WC2E,51.5125,-0.123814
WC2H,51.5137,-0.127697
WC2N,51.5098,-0.125335
WC2R,51.5122,-0.118392
WC99,51.514,-0.124608
WD1,51.6487,-0.401655
WD2,51.6675,-0.378726
WD3,51.6434,-0.482954
WD4,51.706,-0.45382
WD5,51.7033,-0.422693
WD6,51.6567,-0.276511
WD7,51.6859,-0.312617
WD17,51.6608,-0.406975
WD18,51.6477,-0.419287
WD19,51.6326,-0.393622
WD23,51.6453,-0.366468
WD24,51.6697,-0.401177
WD25,51.682,-0.392008
WD99,51.6488,-0.422103
WF1,53.6839,-1.4985
WF2,53.6732,-1.51204
WF3,53.7211,-1.52297
WF4,53.649,-1.51797
WF5,53.6806,-1.5769
WF6,53.7015,-1.41383
WF7,53.6672,-1.35116
WF8,53.6874,-1.30153
WF9,53.6063,-1.32119
WF10,53.7234,-1.35051
WF11,53.7105,-1.25903
WF12,53.6841,-1.62226
WF13,53.6918,-1.64422
WF14,53.6805,-1.69124
WF15,53.7083,-1.69906
WF16,53.7096,-1.6684
WF17,53.7176,-1.64011
WF90,53.6726,-1.50288
WN1,53.5511,-2.63007
WN2,53.5363,-2.5847
WN3,53.5307,-2.6449
WN4,53.4973,-2.64342
WN5,53.5326,-2.68488
WN6,53.5733,-2.66922
WN7,53.4973,-2.51817
WN8,53.5522,-2.77178
WR1,52.1973,-2.21752
WR2,52.1914,-2.24075
WR3,52.2162,-2.21035
WR4,52.2041,-2.19214
WR5,52.1796,-2.20005
WR6,52.2295,-2.36116
WR7,52.1974,-2.06386
WR8,52.0901,-2.20226
WR9,52.2682,-2.1575
WR10,52.1172,-2.06776
WR11,52.095,-1.93001
WR12,52.047,-1.8795
WR13,52.0947,-2.34165
WR14,52.1134,-2.3223
WR15,52.3064,-2.57333
WR78,52.2018,-2.21146
WR99,52.1974,-2.21995
WS1,52.5817,-1.97979
WS2,52.5887,-2.00198
WS3,52.617,-1.99137
WS4,52.6043,-1.96115
WS5,52.5683,-1.96148
WS6,52.6573,-2.02277
WS7,52.6804,-1.91578
WS8,52.6429,-1.93675
WS9,52.6092,-1.91926
WS10,52.5603,-2.02342
WS11,52.6887,-2.01617
WS12,52.7031,-2.00274
WS13,52.6923,-1.81686
WS14,52.6702,-1.81321
WS15,52.7587,-1.91992
WV1,52.5868,-2.11827
WV2,52.5758,-2.12001
WV3,52.5808,-2.1483
WV4,52.5644,-2.14076
WV5,52.5332,-2.21091
WV6,52.5972,-2.17494
WV7,52.6343,-2.27659
WV8,52.6225,-2.18242
WV9,52.6318,-2.14061
WV10,52.6159,-2.11397
WV11,52.6099,-2.07155
WV12,52.6059,-2.0423
WV13,52.5857,-2.06267
WV14,52.5583,-2.07791
WV15,52.5169,-2.37976
WV16,52.5159,-2.43678
WV98,52.4062,-2.21961
WV99,52.6713,-2.42029
YO1,53.9581,-1.07163
YO2,53.9484,-1.12164
YO3,53.9917,-1.0734
YO4,53.9082,-0.829513
YO5,54.0179,-1.31571
YO6,54.1544,-1.08035
YO7,54.2239,-1.35119
YO8,53.7854,-1.05687
YO10,53.9513,-1.0605
YO11,54.2687,-0.398494
YO12,54.2742,-0.422384
YO13,54.2871,-0.49295
YO14,54.2001,-0.298618
YO15,54.0915,-0.182457
YO16,54.0962,-0.199363
YO17,54.1394,-0.772329
YO18,54.2555,-0.767022
YO19,53.9114,-1.02668
YO21,54.4779,-0.701152
YO22,54.4525,-0.621169
YO23,53.9278,-1.11935
YO24,53.9473,-1.11435
YO25,54.0142,-0.419911
YO26,53.9747,-1.16938
YO30,53.9841,-1.11093
YO31,53.9705,-1.06586
YO32,54.0089,-1.06038
YO41,53.9695,-0.91021
YO42,53.9249,-0.788579
YO43,53.8509,-0.684406
YO51,54.0879,-1.38866
YO60,54.0846,-0.947659
YO61,54.1197,-1.19914
YO62,54.2446,-0.994821
YO90,53.9599,-1.09095
YO91,53.9779,-1.06637
YO95,53.9267,-0.815105
ZE1,60.1516,-1.16818
ZE2,60.3071,-1.22923
ZE3,59.8833,-1.30393
